ATC_1,ATC_2,ATC_3,ATC_4,ATC_5,ATC_6,ATC_7,ATC_8,target
0.250526316,0.522105263,7.16E-02,0.143157895,0.012631579,449,4.11E+02,38,1
0.275297619,0.511904762,0.068452381,0.132440476,0.011904762,646,584,62,1
0.27749577,0.499153976,0.086294416,0.126903553,0.010152284,571,509,62,1
0.256449165,0.515933232,0.084977238,0.13353566,0.009104704,628,570,58,1
0.252468265,0.513399154,0.076163611,0.14809591,0.009873061,673,613,60,1
0.240165631,5.13E-01,7.87E-02,1.55E-01,0.01242236,455,416,39,1
0.250379363,0.53414264,0.078907436,0.125948407,0.010622155,626,578,4.80E+01,1
0.255009107,0.517304189,0.083788707,0.136612022,0.007285974,524,478,46,1
0.251602564,0.522435897,0.08974359,0.129807692,0.006410256,593,540,53,1
0.255369928,0.50477327,8.23E-02,0.146778043,0.010739857,799,723,7.60E+01,1
0.259968102,0.513556619,0.076555024,0.138755981,0.011164274,598,543,5.50E+01,1
0.262019231,0.525240385,0.082932692,0.125,0.004807692,794,722,72,1
0.259659969,0.530139104,0.072642968,0.128284389,9.27E-03,6.15E+02,563,52,1
0.266240682,0.533546326,0.062832801,0.132055378,0.005324814,894,820,74,1
0.251082251,0.519480519,0.077922078,0.138528139,0.012987013,440,404,36,1
0.273402675,0.517087667,0.071322437,0.132243685,0.005943536,645,583,62,1
0.262357414,5.03E-01,0.067173638,0.150823828,0.016476553,749,674,7.50E+01,1
0.280431433,0.48844376,0.069337442,0.152542373,0.009244992,623,551,72,1
0.270061728,0.509259259,0.077160494,0.134259259,0.009259259,621,559,62,1
0.263959391,0.517766497,7.61E-02,0.126903553,0.015228426,3.77E+02,343,34,1
0.265676568,0.52640264,0.074257426,0.123762376,0.00990099,579,528,51,1
0.271067416,0.519662921,0.075842697,0.122191011,0.011235955,684,621,63,1
0.263327948,0.520193861,0.071082391,0.134087237,0.011308562,591,539,52,1
0.259365994,0.521613833,0.07204611,0.141210375,0.005763689,330,301,29,1
0.26031746,0.522222222,0.071428571,0.13968254,0.006349206,601,550,51,1
0.268691589,0.523364486,0.079439252,0.120327103,0.00817757,823,750,73,1
0.25862069,0.524425287,0.073275862,0.132183908,0.011494253,6.64E+02,6.09E+02,55,1
0.26146789,0.513761468,0.082568807,0.142201835,0,416,376,40,1
0.272251309,5.25E-01,7.50E-02,0.115183246,0.012216405,5.51E+02,502,49,1
0.273921201,0.512195122,0.065666041,0.1369606,0.011257036,509,458,51,1
0.27654321,0.511111111,0.066666667,0.133333333,0.012345679,389,351,38,1
0.262536873,0.492625369,0.073746313,0.15339233,0.017699115,323,289,34,1
2.69E-01,5.16E-01,8.60E-02,0.117340287,0.011734029,738,668,70,1
0.2470726,5.29E-01,0.088992974,1.28E-01,0.007025761,811,745,66,1
0.269578313,0.527108434,0.063253012,0.129518072,0.010542169,634,579,55,1
0.261702128,5.06E-01,7.66E-02,1.43E-01,0.012765957,4.48E+02,404,44,1
0.254368932,0.497087379,0.073786408,0.163106796,1.17E-02,489,441,48,1
0.277955272,0.511182109,0.07028754,0.129392971,0.011182109,603,544,59,1
0.253968254,0.515262515,0.080586081,0.14041514,0.00976801,778,707,71,1
0.239733629,0.524972253,0.092119867,0.136514983,0.006659267,853,784,69,1
0.265882353,0.534117647,0.063529412,0.134117647,0.002352941,405,372,33,1
0.260252366,0.5,0.083596215,0.141955836,0.014195584,605,543,62,1
0.287769784,0.496402878,0.071942446,0.136690647,0.007194245,537,476,61,1
0.252465483,0.520710059,0.082840237,0.130177515,0.013806706,482,440,42,1
0.251329787,0.531914894,0.07712766,0.128989362,0.010638298,719,668,51,1
0.241496599,5.24E-01,7.48E-02,0.139455782,0.020408163,278,257,2.10E+01,1
0.273449921,0.52782194,0.073131955,0.114467409,0.011128776,603,548,55,1
0.246153846,0.526923077,0.073076923,0.130769231,0.023076923,247,229,18,1
2.76E-01,0.512345679,0.074074074,1.30E-01,0.007716049,623,561,62,1
0.243111831,0.520259319,0.092382496,0.13452188,0.009724473,585,535,50,1
0.25,0.51300578,0.082369942,0.147398844,0.007225434,658,600,58,1
0.262172285,5.32E-01,0.06741573,0.13732834,0.001248439,761,697,64,1
0.243902439,0.519163763,0.080139373,0.135888502,0.020905923,272,250,22,1
0.275147929,0.529585799,0.073964497,0.118343195,0.00295858,323,292,31,1
0.2734375,0.5171875,0.0734375,0.125,0.0109375,615,557,58,1
0.276481149,0.518850987,0.059245961,0.13464991,0.010771993,5.33E+02,483,50,1
0.273534636,5.19E-01,6.39E-02,0.13321492,0.010657194,5.38E+02,487,51,1
0.264945652,0.527173913,0.078804348,0.123641304,0.005434783,704,642,62,1
0.26744186,0.511627907,7.64E-02,0.134551495,0.009966777,5.75E+02,5.18E+02,57,1
0.255319149,0.524822695,0.075650118,0.132387707,0.011820331,404,372,32,1
0.249070632,0.513011152,0.081784387,0.133828996,0.022304833,2.56E+02,234,22,1
0.25732899,0.527687296,0.06514658,0.136807818,0.013029316,587,544,43,1
0.254344392,5.43E-01,0.069510269,0.129541864,0.003159558,601,558,43,1
0.248875562,0.52173913,0.086956522,1.35E-01,0.007496252,633,5.78E+02,55,1
0.250853242,0.513651877,0.076791809,0.145051195,0.013651877,556,507,49,1
0.252673797,0.513368984,0.080213904,0.145721925,0.00802139,7.11E+02,647,64,1
0.263565891,0.496124031,7.75E-02,0.147286822,1.55E-02,248,224,24,1
0.256854257,0.531024531,7.50E-02,0.126984127,1.01E-02,6.61E+02,609,52,1
0.286259542,0.484732824,6.87E-02,0.148854962,0.011450382,506,447,59,1
0.267686424,0.546845124,0.068833652,0.114722753,0.001912046,499,460,3.90E+01,1
0.272727273,0.501298701,0.080519481,0.142857143,0.002597403,3.70E+02,331,39,1
0.256526674,0.515323496,0.086265607,0.131668558,0.010215664,841,764,77,1
0.262867647,0.505514706,0.075367647,0.145220588,0.011029412,521,472,49,1
0.252351097,0.512539185,0.073667712,0.148902821,0.012539185,607,555,52,1
0.257871064,0.530734633,0.071964018,0.130434783,0.008995502,634,582,52,1
0.251738526,0.502086231,0.093184979,0.139082058,0.013908206,684,615,69,1
0.25,0.51010101,0.075757576,0.154040404,0.01010101,375,341,34,1
0.263551402,0.512149533,0.074766355,0.138317757,0.011214953,512,465,47,1
2.71E-01,0.501265823,6.58E-02,0.146835443,0.015189873,376,336,40,1
0.246329527,0.531810767,0.088091354,0.125611746,0.008156607,583,5.38E+02,45,1
2.47E-01,5.25E-01,0.1003861,0.115830116,0.011583012,4.95E+02,454,41,1
0.253333333,0.524444444,0.077037037,1.39E-01,0.005925926,639,583,56,1
0.245065789,0.537828947,0.074013158,0.128289474,0.014802632,575,534,41,1
0.273236282,0.516237402,0.077267637,0.128779395,0.004479283,858,775,83,1
0.253588517,0.526315789,6.38E-02,0.145135566,0.011164274,5.93E+02,545,48,1
0.263551402,0.521495327,0.069158879,1.35E-01,0.011214953,512,469,43,1
0.25498008,0.490039841,0.083665339,0.155378486,0.015936255,239,214,25,1
0.250773994,0.501547988,0.080495356,0.154798762,0.012383901,308,280,28,1
0.252054795,5.01E-01,0.068493151,1.64E-01,0.01369863,3.44E+02,310,34,1
0.271961492,0.506618532,0.075812274,0.141997593,0.003610108,797,716,81,1
0.236889693,0.513562387,0.08318264,1.56E-01,0.01084991,521,477,44,1
2.50E-01,0.517567568,0.087837838,0.137837838,0.006756757,702,638,6.40E+01,1
0.248387097,0.517741935,0.069354839,0.151612903,0.012903226,588,541,47,1
0.246648794,0.504021448,0.096514745,0.136729223,0.016085791,355,321,34,1
0.258426966,0.52184769,0.08988764,0.126092385,0.003745318,768,701,67,1
0.272401434,4.91E-01,0.078853047,0.146953405,0.010752688,535,475,60,1
0.275053305,0.50533049,0.078891258,0.12793177,0.012793177,451,404,47,1
0.242693774,0.522236341,0.09021601,0.132147395,0.01270648,746,684,62,1
0.266109785,0.523866348,0.077565632,0.131264916,0.001193317,803,732,71,1
0.280973451,0.530973451,0.066371681,0.119469027,0.002212389,434,394,40,1
0.251862891,0.511177347,0.090909091,0.138599106,0.007451565,639,579,60,1
0.254826255,0.515444015,0.067567568,0.150579151,0.011583012,491,448,43,1
0.258210646,0.514156285,7.47E-02,1.45E-01,0.00792752,8.41E+02,7.65E+02,76,1
0.258139535,0.541860465,0.062790698,0.13255814,0.004651163,408,378,30,1
0.279338843,0.490909091,0.06446281,0.155371901,0.009917355,580,515,65,1
0.268867925,0.504716981,0.066037736,0.146226415,0.014150943,404,363,41,1
0.25,0.509920635,0.073412698,0.154761905,0.011904762,476,432,44,1
0.251101322,5.11E-01,7.64E-02,0.148311307,0.013215859,6.44E+02,584,60,1
0.273209549,0.517241379,0.066312997,0.140583554,0.00265252,360,325,35,1
0.264069264,0.52958153,0.067821068,0.138528139,0,662,608,54,1
0.272873194,0.497592295,0.070626003,0.149277689,0.009630819,597,534,63,1
2.69E-01,4.98E-01,0.065306122,1.53E-01,0.014285714,467,418,49,1
0.266294227,0.512104283,0.072625698,0.13594041,0.013035382,5.15E+02,468,47,1
0.261494253,0.517241379,0.077586207,0.137931034,0.005747126,663,6.01E+02,62,1
0.241784038,0.516431925,7.51E-02,1.53E-01,0.014084507,401,3.67E+02,34,1
2.50E-01,5.19E-01,9.74E-02,0.12012987,0.012987013,294,268,26,1
0.270348837,0.50872093,0.078488372,0.13372093,0.00872093,659,592,67,1
0.268537074,0.513026052,0.080160321,0.126252505,0.012024048,480,435,45,1
0.273504274,0.521367521,0.064102564,0.128205128,0.012820513,447,405,42,1
0.257676903,0.535380507,0.076101469,0.124165554,0.006675567,716,662,54,1
0.2681764,0.512514899,0.076281287,0.135876043,0.007151371,804,727,77,1
0.272058824,0.518382353,0.066176471,0.130514706,0.012867647,520,471,49,1
0.239534884,0.509302326,0.081395349,0.153488372,0.01627907,4.06E+02,371,35,1
0.245551601,0.523131673,0.088967972,0.135231317,7.12E-03,535,492,43,1
0.275630252,0.517647059,0.077310924,0.119327731,0.010084034,571,514,57,1
0.243816254,0.522968198,0.077738516,0.134275618,0.021201413,268,247,21,1
0.26910299,0.521594684,0.069767442,0.119601329,0.019933555,2.89E+02,264,2.50E+01,1
0.275,0.509375,0.06875,0.1375,0.009375,612,549,63,1
0.247960848,0.517128874,8.32E-02,0.141924959,9.79E-03,580,528,5.20E+01,1
0.258103241,5.09E-01,8.64E-02,1.31E-01,0.015606242,795,718,77,1
0.253187614,0.519125683,1.00E-01,1.24E-01,0.003642987,5.25E+02,477,48,1
0.271334792,0.527352298,0.080962801,0.115973742,0.004376368,443,407,36,1
0.265690377,0.512552301,0.073221757,0.135983264,0.012552301,459,4.18E+02,41,1
0.270742358,0.489082969,0.07860262,0.148471616,0.013100437,440,392,48,1
0.25,5.28E-01,7.82E-02,0.131516588,0.011848341,799,7.33E+02,66,1
0.264248705,5.03E-01,0.080310881,0.142487047,1.04E-02,738,6.63E+02,75,1
0.264270613,0.509513742,0.069767442,0.143763214,0.012684989,452,410,42,1
0.243614931,0.512770138,0.080550098,1.51E-01,0.011787819,480,437,43,1
0.276553106,0.521042084,0.068136273,0.120240481,0.014028056,481,438,43,1
2.45E-01,0.531152648,8.26E-02,0.126168224,0.015576324,610,565,45,1
0.243506494,0.496753247,0.068181818,0.178571429,0.012987013,290,263,27,1
0.265593561,4.97E-01,0.08249497,0.142857143,0.012072435,4.76E+02,426,50,1
0.252212389,0.52359882,0.084070796,0.131268437,0.008849558,646,592,54,1
0.247002398,0.520383693,0.088729017,0.130695444,0.013189448,793,726,67,1
0.238095238,0.514592934,0.084485407,0.155145929,0.007680492,613,560,53,1
0.261501211,0.503631961,0.06779661,0.152542373,0.014527845,392,353,39,1
0.269076305,0.52476573,0.064257028,0.139223561,0.002677376,710,644,66,1
0.281200632,0.511848341,0.069510269,0.126382306,0.011058452,611,551,60,1
0.266441821,0.522765599,0.077571669,0.123102867,0.010118044,568,517,51,1
0.276887872,0.519450801,5.72E-02,0.132723112,0.013729977,417,377,40,1
0.269642857,0.508928571,0.076785714,0.133928571,0.010714286,538,486,52,1
0.24408284,0.522189349,0.093195266,0.133136095,0.00739645,641,586,55,1
2.82E-01,0.507462687,7.46E-02,1.29E-01,0.007462687,516,461,55,1
0.245644599,0.541811847,0.081881533,1.20E-01,0.010452962,5.44E+02,505,39,1
2.44E-01,0.5173454,9.20E-02,0.140271493,0.006033183,628,5.72E+02,56,1
0.265027322,0.521857923,0.073770492,0.128415301,0.010928962,3.49E+02,317,32,1
0.246212121,0.518939394,0.079545455,0.140151515,0.015151515,251,231,20,1
0.267080745,0.495652174,0.073291925,0.154037267,0.009937888,770,690,80,1
0.282952548,0.506151142,0.07029877,0.128295255,0.012302285,549,492,57,1
0.295025729,0.497427101,0.072041166,0.130360206,0.005145798,566,501,65,1
0.267950963,0.49737303,0.066549912,0.1558669,0.012259194,545,489,56,1
0.262295082,0.504413619,6.56E-02,0.160151324,0.007566204,755,683,72,1
0.260047281,0.503546099,7.33E-02,1.49E-01,0.014184397,402,3.62E+02,40,1
2.50E-01,5.11E-01,8.19E-02,0.14380531,0.013274336,430,392,38,1
0.261248186,0.519593614,0.081277213,0.134978229,0.002902758,660,602,58,1
0.25093633,0.509363296,0.082397004,0.142322097,0.014981273,2.54E+02,231,23,1
0.259385666,0.517064846,0.080204778,0.129692833,1.37E-02,5.57E+02,504,53,1
0.254498715,0.519280206,0.077120823,0.131105398,0.017994859,3.71E+02,340,3.10E+01,1
0.268336315,0.527728086,0.069767442,0.134168157,0,533,485,48,1
0.266086957,0.509565217,0.074782609,0.137391304,0.012173913,551,499,52,1
0.267950963,0.541155867,0.064798599,0.117338004,0.008756567,547,506,41,1
0.270758123,0.498194946,0.079422383,0.129963899,0.02166065,265,236,29,1
0.268722467,0.513215859,0.063876652,1.41E-01,0.013215859,4.33E+02,392,41,1
0.280979827,0.495677233,0.07204611,0.142651297,0.008645533,669,596,73,1
2.67E-01,5.04E-01,7.82E-02,0.141809291,0.009779951,391,351,40,1
0.276985743,0.50509165,0.069246436,0.136456212,0.012219959,470,420,50,1
0.250798722,0.517571885,0.076677316,0.143769968,0.011182109,593,541,52,1
0.258527828,0.531418312,0.071813285,0.132854578,0.005385996,5.30E+02,4.87E+02,43,1
0.252707581,0.505415162,0.072202166,0.151624549,0.018050542,262,237,25,1
0.24197861,0.502673797,0.085561497,0.155080214,0.014705882,706,639,67,1
0.24845679,0.50154321,0.084876543,0.149691358,0.015432099,614,554,60,1
0.259090909,5.24E-01,0.078787879,0.127272727,0.010606061,630,576,54,1
0.265895954,0.504816956,7.71E-02,0.144508671,7.71E-03,4.95E+02,444,51,1
0.266283525,0.507662835,0.070881226,0.143678161,0.011494253,497,447,50,1
0.261275272,0.508553655,0.079315708,0.136858476,0.01399689,615,557,58,1
0.262337662,0.501298701,0.07012987,0.150649351,0.015584416,365,327,38,1
0.275675676,0.50990991,0.07027027,0.133333333,0.010810811,534,482,52,1
0.274618585,0.52149792,0.077669903,0.12482663,0.001386963,694,629,65,1
0.266244057,0.516640254,0.076069731,0.131537242,0.009508716,604,548,56,1
0.269547325,0.518518519,0.069958848,0.135802469,0.00617284,464,420,44,1
0.243037975,0.508860759,1.04E-01,1.29E-01,0.015189873,3.76E+02,341,35,1
0.242894057,0.531007752,0.07881137,0.138242894,0.009043928,731,675,56,1
0.244865719,0.515007899,0.091627172,0.142180095,0.006319115,601,548,53,1
0.256410256,0.504273504,0.082621083,0.145299145,0.011396011,333,299,34,1
0.239490446,0.514649682,0.086624204,0.146496815,0.012738854,740,675,65,1
2.45E-01,5.24E-01,0.081039755,1.42E-01,0.00764526,6.18E+02,567,51,1
0.256756757,0.517199017,7.74E-02,0.143734644,0.004914005,774,704,70,1
0.271287129,0.522772277,0.059405941,0.134653465,0.011881188,481,437,44,1
0.252730109,0.524180967,0.081123245,0.132605304,0.009360374,610,559,51,1
2.41E-01,0.510128913,0.075506446,1.60E-01,0.012891344,511,466,45,1
0.251633987,0.5,0.081699346,0.153594771,0.013071895,292,265,27,1
0.261666667,0.526666667,0.073333333,0.131666667,0.006666667,573,525,48,1
0.249534451,0.523277467,0.068901304,0.143389199,0.014897579,508,467,41,1
0.255125285,0.512528474,0.070615034,0.148063781,0.013667426,417,380,37,1
0.266903915,0.510676157,0.069395018,0.151245552,0.001779359,536,484,52,1
0.267260579,0.514476615,0.069042316,0.135857461,0.013363029,428,387,41,1
0.267175573,0.480916031,0.076335878,1.53E-01,0.022900763,2.50E+02,2.21E+02,29,1
0.255054432,5.10E-01,0.065318818,1.59E-01,0.01088647,6.10E+02,556,54,1
0.254617414,0.513192612,7.26E-02,0.146437995,0.013192612,720,656,6.40E+01,1
0.29969419,0.483180428,0.067278287,0.137614679,0.012232416,319,281,38,1
0.259302326,0.530232558,0.074418605,0.126744186,0.009302326,819,751,68,1
0.251808973,0.531114327,0.082489146,0.124457308,0.010130246,658,606,52,1
0.243281471,0.523338048,0.090523338,0.137199434,0.005657709,670,614,56,1
0.272189349,0.516765286,6.71E-02,0.143984221,0,484,437,47,1
0.265625,0.4953125,0.0796875,0.15,0.009375,612,547,65,1
0.253358925,0.518234165,0.084452975,0.136276392,7.68E-03,496,452,44,1
0.249287749,0.525641026,0.086894587,0.132478632,0.005698006,667,611,56,1
0.255659121,0.515312916,0.081225033,0.137150466,0.010652463,714,648,66,1
0.254143646,0.515653775,0.073664825,0.143646409,0.012891344,5.16E+02,4.71E+02,45,1
0.251177394,5.27E-01,0.069073783,0.147566719,0.004709576,604,557,47,1
0.267339218,0.514501892,6.81E-02,0.139974779,0.010088272,758,688,70,1
0.264752791,5.20E-01,6.70E-02,1.36E-01,1.28E-02,598,545,53,1
0.2700491,0.51391162,0.075286416,1.31E-01,0.009819967,5.87E+02,5.32E+02,55,1
0.267379679,0.520053476,0.073529412,0.131016043,0.00802139,715,649,66,1
0.290877797,0.502581756,0.079173838,0.120481928,0.006884682,564,501,63,1
0.25,0.522435897,8.01E-02,0.137820513,0.009615385,591,540,51,1
0.262222222,0.497777778,0.08,0.146666667,0.013333333,431,3.88E+02,43,1
0.255395683,0.523381295,0.077338129,0.138489209,0.005395683,530,486,44,1
0.247142857,5.33E-01,0.084285714,1.24E-01,0.011428571,6.66E+02,616,5.00E+01,1
0.259567388,0.512479201,0.079866889,0.136439268,0.011647255,574,521,53,1
0.248962656,0.520055325,0.088520055,0.135546335,0.006915629,6.88E+02,6.29E+02,59,1
0.251012146,5.18E-01,0.08097166,1.34E-01,0.016194332,470,430,4.00E+01,1
2.62E-01,5.10E-01,0.066666667,1.48E-01,0.014285714,399,361,38,1
0.271692745,0.504978663,0.086770982,0.12802276,0.008534851,677,607,70,1
2.52E-01,0.524834437,0.081125828,0.13410596,0.008278146,5.74E+02,526,48,1
0.280431433,0.497688752,6.63E-02,0.146379045,0.009244992,6.25E+02,5.59E+02,66,1
0.263358779,0.5,0.072519084,0.160305344,0.003816794,249,223,26,1
0.277504105,0.527093596,0.070607553,0.118226601,0.006568144,584,529,55,1
0.253937008,0.507874016,0.078740157,0.141732283,0.017716535,483,438,45,1
0.274576271,0.498305085,0.06440678,1.42E-01,0.020338983,284,256,28,1
0.265168539,0.543820225,0.06741573,0.121348315,0.002247191,424,391,33,1
0.235294118,0.513368984,0.092691622,0.146167558,0.012477718,529,483,46,1
0.241776316,0.518092105,0.09375,0.138157895,0.008223684,577,528,4.90E+01,1
0.285714286,0.511463845,0.059964727,0.132275132,1.06E-02,545,489,56,1
0.249605055,0.516587678,0.083728278,0.140600316,0.009478673,600,546,54,1
0.269685039,0.50984252,0.072834646,0.13976378,0.007874016,485,436,49,1
0.259615385,0.514423077,0.076923077,0.134615385,0.014423077,397,361,36,1
0.256351039,0.515011547,0.062355658,0.150115473,0.016166282,409,372,37,1
0.261904762,0.515873016,0.077777778,0.13015873,0.014285714,600,543,57,1
2.45E-01,0.526442308,0.074519231,0.137019231,0.016826923,3.94E+02,364,3.00E+01,1
0.2618683,0.520673813,0.082695253,0.131699847,0.003062787,6.25E+02,5.69E+02,5.60E+01,1
0.244186047,0.494186047,0.075581395,0.168604651,0.01744186,4.88E+02,442,46,1
0.249452954,0.501094092,0.076586433,0.159737418,0.013129103,432,390,42,1
0.248691099,0.52486911,0.085078534,0.136125654,0.005235602,725,6.64E+02,61,1
0.259803922,0.549019608,0.068627451,1.18E-01,0.004901961,3.89E+02,362,27,1
0.259445844,0.518891688,0.080604534,0.130982368,0.010075567,380,347,33,1
0.248175182,0.51459854,0.098540146,0.124087591,0.01459854,261,237,24,1
0.251956182,5.23E-01,0.081377152,0.13458529,0.009389671,6.07E+02,555,5.20E+01,1
0.251655629,0.511589404,0.071192053,0.152317881,0.013245033,573,523,50,1
0.240816327,0.512244898,0.083673469,0.151020408,0.012244898,461,419,42,1
0.272493573,0.496143959,0.077120823,1.44E-01,0.010282776,747,667,80,1
0.260670732,0.551829268,0.067073171,0.118902439,0.00152439,624,580,44,1
0.256910569,0.525203252,0.079674797,0.128455285,0.009756098,586,536,50,1
0.28358209,0.514246947,0.066485753,0.131614654,0.004070556,709,637,72,1
0.258347979,0.53602812,0.072056239,0.121265378,1.23E-02,541,498,43,1
0.26618705,0.521582734,0.075539568,0.133093525,0.003597122,2.65E+02,240,25,1
0.268476621,0.512820513,8.14E-02,0.126696833,1.06E-02,637,576,6.10E+01,1
0.256323777,0.52613828,0.077571669,0.129848229,0.010118044,564,516,48,1
0.25748503,0.520958084,0.068862275,1.42E-01,0.010479042,635,5.81E+02,54,1
0.25498008,0.501992032,0.079681275,0.150066401,0.013280212,716,646,70,1
0.250716332,0.505730659,0.09025788,0.146131805,0.007163324,664,600,64,1
0.265682657,0.494464945,0.066420664,0.151291513,0.022140221,258,231,27,1
0.283216783,4.90E-01,0.062937063,0.15034965,1.40E-02,275,244,31,1
0.261163735,0.52232747,0.075778078,0.132611637,0.00811908,707,647,60,1
0.25862069,5.19E-01,0.075431034,0.13362069,0.012931034,440,399,41,1
0.26142596,0.517367459,0.074954296,0.135283364,0.010968921,521,473,48,1
0.271807838,0.518331226,0.07079646,0.13147914,0.007585335,759,689,70,1
0.254486134,0.51223491,0.081566069,0.133768352,0.017944535,583,529,54,1
0.271629779,0.54527163,7.44E-02,1.09E-01,0,477,439,38,1
0.255255255,0.525525526,0.081081081,0.126126126,0.012012012,318,292,26,1
0.250847458,0.520338983,0.076271186,0.138983051,0.013559322,560,513,47,1
0.245762712,0.519067797,0.078389831,0.141949153,0.014830508,447,410,37,1
0.251004016,5.24E-01,0.06626506,1.47E-01,0.012048193,469,429,40,1
0.260330579,0.518595041,0.068181818,0.138429752,0.01446281,460,419,41,1
0.252268603,5.17E-01,0.099818512,0.127041742,0.003629764,5.27E+02,479,48,1
0.265306122,0.510204082,0.076530612,0.132653061,0.015306122,377,343,34,1
0.258382643,0.518737673,0.065088757,0.142011834,0.015779093,484,445,39,1
0.262658228,0.504746835,0.080696203,0.137658228,0.014240506,604,544,60,1
0.250788644,0.528391167,0.077287066,0.130914826,0.012618297,603,556,47,1
0.251239669,0.519008264,0.079338843,0.132231405,0.018181818,575,526,49,1
0.26585695,0.523616734,0.067476383,0.140350877,0.002699055,704,639,65,1
0.243194192,0.517241379,0.081669691,0.148820327,0.00907441,520,475,45,1
0.28030303,0.487878788,0.06969697,0.153030303,0.009090909,634,561,73,1
0.270560191,5.05E-01,7.87E-02,0.139451728,0.005959476,802,717,85,1
0.252911814,5.36E-01,0.069883527,0.138103161,0.003327787,5.71E+02,5.29E+02,42,1
0.253465347,0.497029703,0.073267327,1.64E-01,0.011881188,479,4.32E+02,47,1
0.275362319,0.5085639,0.073781291,1.38E-01,0.003952569,7.28E+02,653,75,1
0.273001508,0.520361991,0.073906486,0.123680241,0.009049774,637,578,59,1
0.257452575,0.52303523,0.073170732,0.135501355,0.010840108,3.51E+02,3.21E+02,30,1
0.260869565,0.507246377,0.065217391,0.152173913,0.014492754,263,239,24,1
0.260292165,5.11E-01,0.078353254,0.13811421,0.011952191,717,648,69,1
0.286783042,0.511221945,0.06234414,0.137157107,0.002493766,387,348,39,1
0.261558785,0.513870542,0.077939234,0.134742404,0.011889036,723,656,67,1
0.249084249,5.20E-01,8.06E-02,1.28E-01,0.021978022,259,2.37E+02,22,1
0.266149871,0.516795866,0.074935401,0.130490956,0.011627907,741,673,68,1
0.245575221,0.5,8.41E-02,0.157079646,0.013274336,427,385,4.20E+01,1
0.266115702,0.523966942,0.074380165,0.125619835,0.009917355,580,530,50,1
0.251572327,0.524109015,0.088050314,0.134171908,0.002096436,453,413,40,1
0.260364842,0.527363184,0.069651741,0.135986733,0.006633499,574,526,48,1
0.265402844,0.528436019,8.29E-02,0.123222749,0.00E+00,404,368,36,1
0.266875981,0.519623234,0.067503925,0.139717425,0.006279435,608,553,55,1
0.266075388,0.518847007,0.062084257,0.141906874,1.11E-02,429,390,39,1
0.241258741,0.520979021,0.090909091,0.134615385,0.012237762,5.42E+02,4.97E+02,45,1
2.53E-01,0.494176373,7.49E-02,0.169717138,8.32E-03,569,511,58,1
0.267201835,0.514908257,0.074541284,0.134174312,0.009174312,834,755,79,1
0.243243243,0.516358464,9.82E-02,0.13655761,0.0056899,668,609,59,1
0.267361111,0.510416667,0.079861111,0.121527778,0.020833333,276,249,27,1
0.259119497,0.506918239,0.07672956,0.142138365,0.01509434,758,686,72,1
0.25477707,5.11E-01,0.074840764,1.50E-01,0.00955414,597,543,54,1
0.261627907,5.17E-01,0.072674419,0.136627907,0.011627907,657,5.99E+02,58,1
0.280087527,0.507658643,0.070021882,0.129102845,0.013129103,438,391,47,1
0.264925373,0.527985075,0.076492537,0.117537313,0.013059701,513,469,44,1
0.263358779,4.85E-01,0.064885496,1.64E-01,0.022900763,250,224,26,1
0.272331155,0.525054466,7.19E-02,0.130718954,0,439,398,41,1
0.256292906,0.514874142,0.070938215,0.14416476,0.013729977,415,378,37,1
0.262931034,0.525862069,0.063218391,0.140804598,0.007183908,663,6.08E+02,5.50E+01,1
0.253187614,0.531876138,0.061930783,0.14571949,0.007285974,519,479,40,1
0.292079208,0.517326733,0.056930693,0.128712871,0.004950495,3.89E+02,349,4.00E+01,1
0.256140351,0.531578947,0.075438596,0.126315789,0.010526316,542,498,44,1
0.252923977,0.527777778,0.083333333,1.27E-01,0.00877193,6.51E+02,597,54,1
0.270207852,0.515011547,0.071593533,0.129330254,0.013856813,415,376,39,1
0.248508946,0.514910537,0.073558648,0.151093439,0.011928429,477,437,40,1
0.257001647,0.527182867,0.075782537,0.136738056,0.003294893,579,532,47,1
0.248826291,5.09E-01,7.98E-02,0.153364632,0.009389671,6.06E+02,551,55,1
0.276707531,0.511383538,0.070052539,0.134851138,0.007005254,548,493,55,1
3.13E-01,0.505392912,0.070878274,1.11E-01,0,636,561,75,1
0.244485294,0.522058824,0.069852941,0.152573529,0.011029412,514,474,40,1
0.253521127,0.512323944,0.079225352,0.14084507,0.014084507,541,4.93E+02,48,1
0.266875981,0.522762951,0.080062794,0.120879121,0.009419152,611,556,55,1
0.260935143,0.526395173,0.076923077,0.125188537,0.010558069,633,579,54,1
0.267904509,0.549071618,0.071618037,0.111405836,0,361,334,27,1
0.244541485,0.515283843,0.07860262,0.14628821,0.015283843,433,3.96E+02,37,1
0.257918552,0.524886878,0.081447964,0.131221719,0.004524887,633,579,54,1
0.253554502,0.509478673,7.82E-02,0.1492891,0.009478673,400,362,38,1
0.268545994,0.53264095,0.075667656,0.121661721,0.00148368,645,589,56,1
0.252,5.04E-01,0.088,0.14,0.016,238,215,23,1
0.258441558,0.512987013,0.076623377,0.141558442,0.01038961,734,667,67,1
0.261904762,0.505291005,7.94E-02,1.43E-01,0.010582011,7.21E+02,649,72,1
2.42E-01,5.27E-01,7.35E-02,1.45E-01,0.012605042,449,415,34,1
0.249240122,0.510638298,0.079027356,0.151975684,0.009118541,624,568,56,1
0.264705882,0.510695187,0.082887701,0.131016043,0.010695187,358,323,35,1
0.250656168,0.518372703,0.080052493,0.140419948,0.010498688,724,662,6.20E+01,1
0.277777778,0.5,0.073333333,1.42E-01,0.006666667,4.31E+02,3.83E+02,48,1
0.233716475,0.509578544,0.088122605,0.151340996,0.017241379,491,448,43,1
0.264036419,0.518968134,0.069802731,0.135053111,1.21E-02,632,5.79E+02,53,1
0.267241379,0.528735632,0.074712644,1.24E-01,0.005747126,669,614,55,1
0.281708945,0.511348465,0.065420561,0.133511348,0.008010681,720,647,73,1
2.55E-01,0.49790795,0.071129707,1.63E-01,0.012552301,452,406,46,1
0.271364318,0.527736132,0.065967016,0.131934033,0.002998501,638,582,56,1
0.246612466,0.521680217,0.074525745,0.150406504,0.006775068,700,645,55,1
0.268498943,0.503171247,0.076109937,0.141649049,0.010570825,453,407,46,1
0.269859813,0.514018692,0.079439252,0.129672897,0.007009346,823,745,78,1
0.259044863,0.531114327,0.070911722,0.131693198,0.00723589,660,609,51,1
0.269005848,0.497076023,0.070175439,0.149122807,0.014619883,327,293,34,1
0.24251497,5.30E-01,0.068862275,0.158682635,0,314,290,24,1
0.247097844,0.525704809,0.094527363,0.122719735,0.009950249,574,526,48,1
0.273049645,0.528368794,0.060283688,0.124113475,0.014184397,270,247,23,1
0.260273973,5.53E-01,0.068493151,0.117199391,0.00152207,625,5.81E+02,44,1
0.243421053,0.526315789,0.088815789,0.128289474,0.013157895,577,531,46,1
0.258302583,5.30E-01,6.46E-02,1.37E-01,0.011070111,514,472,4.20E+01,1
0.270096463,0.504823151,0.073954984,0.138263666,0.012861736,297,266,31,1
0.248129676,0.524937656,0.07605985,0.139650873,0.011221945,7.61E+02,7.01E+02,60,1
0.258064516,0.495967742,0.084677419,0.151209677,0.010080645,472,422,50,1
2.66E-01,5.12E-01,0.060948081,1.44E-01,0.015801354,4.23E+02,385,38,1
2.72E-01,5.22E-01,7.02E-02,0.123287671,0.011986301,560,509,51,1
0.243767313,0.531855956,8.31E-02,1.36E-01,0.005540166,3.42E+02,3.16E+02,26,1
0.261029412,0.518382353,0.069852941,0.128676471,0.022058824,260,238,22,1
0.260945709,0.514886165,0.073555166,0.138353765,0.012259194,544,494,50,1
0.247285887,0.524728589,0.075995175,0.138721351,0.013268999,783,718,65,1
0.261029412,0.514705882,0.075980392,0.136029412,0.012254902,779,708,71,1
0.25308642,0.526234568,0.072530864,0.138888889,0.009259259,615,565,50,1
2.75E-01,0.503058104,0.074923547,1.38E-01,0.009174312,628,562,66,1
0.262738854,0.496815287,0.079617834,0.148089172,0.012738854,599,536,63,1
0.245654693,0.519119351,7.88E-02,0.144843569,0.011587486,8.17E+02,7.49E+02,68,1
0.272727273,0.523636364,0.065454545,0.127272727,0.010909091,5.26E+02,4.78E+02,48,1
0.264857881,0.518087855,0.07622739,1.29E-01,0.011627907,7.40E+02,6.72E+02,68,1
0.250481696,0.50867052,0.077071291,0.148362235,0.015414258,493,449,44,1
0.250509165,0.511201629,0.075356415,1.51E-01,0.012219959,4.64E+02,421,43,1
0.262541806,0.525083612,0.076923077,0.133779264,0.001672241,572,523,49,1
0.25511811,0.521259843,0.070866142,0.14488189,0.007874016,602,550,52,1
0.256140351,0.529824561,0.073684211,0.140350877,0,271,249,22,1
0.252365931,5.21E-01,0.075709779,0.140378549,0.011041009,6.01E+02,5.49E+02,52,1
0.261620186,0.509960159,0.079681275,0.136786189,0.011952191,718,648,70,1
0.290780142,0.49822695,0.069148936,0.131205674,0.010638298,545,483,62,1
0.275862069,0.51954023,0.059770115,0.131034483,0.013793103,415,375,40,1
0.274418605,0.510077519,0.079069767,1.27E-01,0.009302326,621,559,62,1
0.267857143,0.516071429,0.073214286,0.135714286,0.007142857,535,484,51,1
2.83E-01,0.507246377,6.52E-02,0.134057971,0.010869565,530,474,56,1
0.269689737,0.529832936,0.062052506,0.133651551,0.00477327,399,364,35,1
0.289699571,0.480686695,0.081545064,0.141630901,0.006437768,452,396,56,1
0.240863787,0.529900332,0.088039867,0.132890365,0.008305648,568,522,46,1
0.260736196,0.521472393,0.09202454,0.113496933,0.012269939,313,285,28,1
0.24267101,0.527687296,0.091205212,1.29E-01,0.009771987,583,537,46,1
0.27189781,0.541970803,0.071167883,0.111313869,0.003649635,526,484,42,1
0.253521127,0.517605634,0.088028169,1.27E-01,0.014084507,271,247,24,1
0.260869565,0.520186335,0.079192547,0.128881988,0.010869565,616,562,54,1
0.268571429,5.05E-01,6.29E-02,0.152380952,1.14E-02,498,446,5.20E+01,1
2.52E-01,0.534328358,7.76E-02,0.125373134,0.010447761,638,590,48,1
0.260204082,0.56377551,0.068877551,0.107142857,0,374,351,23,1
0.269767442,0.509302326,0.090697674,0.127906977,0.002325581,414,372,42,1
2.33E-01,0.52685422,0.086956522,0.138107417,0.015345269,3.69E+02,342,27,1
0.246704331,0.514124294,0.080979284,0.146892655,0.011299435,502,4.57E+02,45,1
0.267184035,0.516629712,0.073170732,0.138580931,0.00443459,860,777,83,1
0.258928571,0.510714286,0.075,0.148214286,0.007142857,532,481,51,1
0.260249554,0.527629234,0.078431373,0.121212121,0.012477718,5.35E+02,489,46,1
0.278571429,0.508928571,0.066071429,0.135714286,0.010714286,536,480,56,1
0.288321168,0.48540146,0.069343066,0.145985401,0.010948905,264,232,32,1
0.261477046,0.516966068,0.069860279,0.137724551,0.013972056,478,436,42,1
0.250366032,0.53147877,0.080527086,0.125915081,0.011713031,650,600,50,1
0.282016349,0.498637602,0.079019074,0.130790191,0.009536785,709,631,78,1
0.281030445,0.517564403,0.06323185,0.133489461,0.004683841,410,370,40,1
0.241481481,0.517037037,0.078518519,0.151111111,0.011851852,638,586,52,1
0.252066116,0.49862259,0.090909091,0.144628099,0.013774105,690,619,71,1
0.248031496,0.511811024,0.070866142,0.153543307,0.015748031,241,221,20,1
0.292307692,0.504615385,0.061538462,0.138461538,0.003076923,312,276,36,1
0.255780347,0.515895954,0.082369942,0.14017341,0.005780347,658,597,61,1
0.282258065,0.508064516,0.069892473,0.129032258,0.010752688,716,641,75,1
0.251807229,0.518072289,0.089156627,0.13253012,0.008433735,791,721,70,1
0.267310789,4.99E-01,0.06763285,0.156199678,0.009661836,592,531,6.10E+01,1
0.256377551,0.517857143,0.076530612,0.141581633,0.007653061,7.45E+02,678,67,1
0.256666667,0.52,0.086666667,0.13,0.006666667,285,258,27,1
0.274509804,0.494720965,0.069381599,0.152337858,0.009049774,6.35E+02,566,69,1
0.255952381,0.549107143,0.066964286,0.123511905,0.004464286,639,596,43,1
2.61E-01,0.516901408,0.088732394,0.11971831,0.014084507,6.79E+02,615,64,1
0.25,0.511363636,0.079545455,0.145454545,0.013636364,419,383,36,1
0.262048193,0.53313253,0.075301205,0.118975904,0.010542169,634,582,52,1
0.268627451,0.515686275,0.068627451,0.135294118,0.011764706,487,441,46,1
0.248554913,0.539499037,0.077071291,0.131021195,0.003853565,492,456,36,1
0.252760736,0.520245399,0.085889571,0.132515337,0.008588957,776,708,68,1
0.256461233,0.516898608,0.07554672,0.143141153,0.007952286,480,439,41,1
0.262755102,5.05E-01,8.16E-02,0.142857143,0.007653061,748,672,7.60E+01,1
0.276923077,0.515384615,0.058974359,0.148717949,0,372,335,37,1
0.25,0.503378378,0.074324324,0.162162162,0.010135135,560,507,53,1
0.242718447,0.519417476,0.101941748,0.123786408,0.012135922,392,358,34,1
0.25273224,0.50273224,0.071038251,0.159836066,0.013661202,691,623,68,1
0.280534351,0.505725191,0.062977099,0.139312977,0.011450382,5.03E+02,4.51E+02,52,1
0.260545906,0.521091811,0.069478908,0.138957816,0.009925558,769,704,65,1
0.238297872,5.21E-01,0.082978723,0.140425532,0.017021277,443,407,36,1
0.256551724,0.525517241,0.064827586,0.144827586,0.008275862,688,632,56,1
0.247027741,0.535006605,7.53E-02,0.134742404,0.007926024,715,660,55,1
2.54E-01,0.52247191,0.078651685,0.139044944,0.005617978,6.76E+02,617,59,1
0.254189944,0.508379888,0.078212291,0.142458101,0.016759777,340,308,32,1
0.249097473,0.516245487,8.30E-02,0.129963899,0.02166065,2.63E+02,240,23,1
0.241157556,0.514469453,0.07073955,0.15755627,1.61E-02,2.93E+02,269,24,1
0.26118068,0.511627907,0.082289803,0.134168157,0.010733453,535,485,50,1
0.260143198,0.534606205,0.071599045,0.121718377,0.011933174,402,373,29,1
0.252767528,0.507380074,6.09E-02,1.68E-01,0.011070111,512,466,46,1
0.275324675,0.488311688,0.072727273,0.150649351,0.012987013,369,327,42,1
0.279735683,0.508810573,0.063876652,1.34E-01,0.013215859,436,392,44,1
0.241054614,0.536723164,0.073446328,0.13747646,0.011299435,499,4.62E+02,37,1
0.257636122,0.505976096,0.078353254,1.46E-01,0.011952191,715,6.44E+02,71,1
0.282945736,0.505813953,0.063953488,0.135658915,0.011627907,497,446,51,1
2.68E-01,0.517826825,0.079796265,0.132427844,0.001697793,564,510,54,1
0.282191781,0.512328767,6.85E-02,0.12739726,9.59E-03,702,6.30E+02,72,1
0.260067114,0.515100671,0.072147651,0.140939597,0.011744966,567,515,52,1
0.261829653,0.529968454,0.069400631,0.126182965,0.012618297,303,279,24,1
0.248882265,0.499254844,0.090909091,0.153502235,0.007451565,637,573,64,1
0.274425287,5.13E-01,8.19E-02,0.126436782,0.004310345,668,599,6.90E+01,1
0.257901391,0.503160556,0.07585335,0.155499368,0.007585335,753,680,73,1
0.260303688,0.501084599,0.071583514,0.151843818,0.015184382,438,394,44,1
0.271268058,0.520064205,7.70E-02,0.118780096,0.012841091,599,544,55,1
0.271428571,0.508333333,0.082142857,0.129761905,0.008333333,809,729,80,1
0.251664447,0.527296937,0.07723036,0.13448735,0.009320905,717,663,54,1
0.267605634,0.507042254,0.070422535,0.14084507,0.014084507,406,365,4.10E+01,1
0.278084715,0.524861878,0.064456722,0.121546961,0.011049724,520,471,49,1
0.267669173,5.31E-01,0.061654135,0.129323308,1.05E-02,633,579,54,1
0.258241758,0.523809524,0.065934066,0.141025641,0.010989011,519,476,43,1
0.256923077,0.530769231,0.075384615,0.126153846,0.010769231,620,571,49,1
0.267412935,0.542288557,0.074626866,0.110696517,0.004975124,772,713,59,1
0.264317181,0.528634361,0.066079295,0.127753304,0.013215859,4.31E+02,3.93E+02,38,1
0.271812081,0.511744966,0.088926174,0.11409396,0.013422819,576,520,56,1
2.66E-01,0.510729614,0.077253219,0.139484979,0.006437768,4.43E+02,397,4.60E+01,1
0.25,0.501552795,9.16E-02,0.149068323,0.007763975,612,551,61,1
0.253121453,0.50737798,0.089670829,0.136208854,0.013620885,841,762,79,1
0.252631579,0.501754386,0.066666667,0.154385965,0.024561404,270,245,25,1
0.236725664,0.495575221,0.075221239,0.174778761,0.017699115,424,384,40,1
0.258982036,0.532934132,0.065868263,0.130239521,0.011976048,639,593,46,1
2.58E-01,0.516819572,0.088685015,0.129969419,0.006116208,625,5.67E+02,5.80E+01,1
0.275395034,0.532731377,0.072234763,1.20E-01,0.00E+00,426,389,37,1
0.255284553,0.526829268,0.074796748,0.136585366,0.006504065,585,537,48,1
0.266129032,0.520967742,0.075806452,0.127419355,0.009677419,593,539,54,1
0.26986755,0.529801325,0.062913907,0.127483444,0.009933775,577,528,49,1
0.249612403,0.534883721,0.082170543,0.12248062,0.010852713,613,566,47,1
0.25520111,0.513176144,0.080443828,0.142857143,0.008321775,687,625,62,1
0.253829322,0.507658643,0.096280088,0.129102845,0.013129103,436,393,43,1
0.261055635,0.52639087,0.075606277,0.132667618,0.004279601,668,610,58,1
2.81E-01,0.509355509,0.072765073,0.135135135,0.002079002,463,415,48,1
2.56E-01,0.51384083,0.084775087,0.140138408,0.005190311,5.51E+02,5.00E+02,5.10E+01,1
0.25388601,0.512953368,0.077720207,1.40E-01,0.015544041,550,5.00E+02,50,1
0.259380098,0.520391517,0.08319739,0.127243067,0.009787928,585,532,53,1
0.25648415,0.518731988,0.080691643,0.132564841,0.011527378,329,298,31,1
0.268292683,5.05E-01,0.069418386,0.144465291,0.013133208,5.08E+02,456,52,1
0.274703557,0.537549407,0.075098814,0.110671937,0.001976285,488,448,4.00E+01,1
0.256921373,0.514950166,0.080841639,0.141749723,0.005537099,860,781,79,1
0.271978022,0.53021978,0.068681319,0.123626374,0.005494505,348,317,31,1
0.277522936,0.52293578,0.068807339,0.126146789,0.004587156,418,378,40,1
0.260663507,0.528436019,0.073459716,0.132701422,0.004739336,403,370,33,1
0.253187614,0.513661202,0.080145719,0.138433515,0.014571949,520,471,49,1
2.58E-01,0.525129983,7.45E-02,0.136915078,5.20E-03,5.50E+02,504,46,1
0.273342355,0.50608931,0.081190798,0.131258457,0.00811908,711,638,73,1
0.256809339,0.505836576,0.077821012,0.143968872,0.015564202,490,444,46,1
0.264127764,0.51965602,0.077395577,0.131449631,0.007371007,779,709,70,1
0.26863354,0.507763975,0.072981366,0.149068323,0.001552795,616,555,61,1
0.268608414,0.530744337,0.077669903,0.116504854,0.006472492,298,274,24,1
0.260869565,5.33E-01,6.18E-02,0.14187643,2.29E-03,416,384,3.20E+01,1
2.74E-01,0.55027933,5.87E-02,0.11452514,0.002793296,342,3.16E+02,26,1
0.283653846,0.514423077,0.091346154,0.110576923,0,409,372,37,1
0.2431562,0.528180354,0.077294686,0.146537842,0.004830918,586,540,46,1
0.252713178,0.517829457,0.080620155,0.142635659,0.00620155,614,561,53,1
0.241900648,0.520518359,8.42E-02,0.138228942,0.01511879,4.38E+02,4.02E+02,36,1
0.244604317,0.537170264,0.086330935,0.117505995,0.014388489,398,371,27,1
2.58E-01,0.515991471,0.081023454,0.140724947,0.004264392,447,406,41,1
0.265569918,0.505287897,0.082256169,0.139835488,0.007050529,814,7.31E+02,83,1
0.266666667,0.52952381,0.076190476,0.127619048,0,502,458,44,1
0.236734694,0.502040816,0.102040816,0.142857143,0.016326531,232,210,22,1
0.247154472,0.523577236,0.07804878,0.139837398,0.011382114,582,534,48,1
0.243066884,0.518760196,0.081566069,0.148450245,0.008156607,577,526,51,1
0.260814249,0.505089059,0.080152672,0.143765903,0.010178117,751,678,73,1
0.25819135,0.511140236,0.078636959,0.141546527,0.010484928,726,657,69,1
0.27326969,0.516706444,0.072792363,0.132458234,0.00477327,804,7.27E+02,77,1
0.257911392,0.512658228,0.079113924,0.142405063,0.007911392,602,546,56,1
0.247154472,0.526829268,0.071544715,0.149593496,0.004878049,581,5.35E+02,46,1
0.260997067,0.524926686,0.073313783,0.140762463,0,327,301,26,1
0.240544629,0.532526475,8.17E-02,0.136157337,9.08E-03,624,577,47,1
0.262755102,0.548469388,0.073979592,0.114795918,0,374,346,28,1
0.248788368,0.500807754,0.077544426,0.156704362,0.016155089,584,526,58,1
2.88E-01,0.479704797,6.64E-02,1.44E-01,0.022140221,262,231,31,1
0.28721174,0.51572327,0.062893082,0.121593291,0.012578616,460,414,46,1
0.252371917,0.514231499,0.092979127,0.129032258,0.011385199,503,457,46,1
0.280567686,0.515283843,0.072052402,0.124454148,0.007641921,882,794,88,1
2.53E-01,4.98E-01,0.088737201,0.146757679,0.013651877,279,2.51E+02,28,1
0.258644537,0.521438451,0.081604426,0.125864454,0.012448133,692,633,59,1
0.273827534,0.509833585,0.074130106,0.1301059,0.012102874,634,570,64,1
0.270541082,5.49E-01,7.21E-02,0.108216433,0,4.78E+02,4.41E+02,3.70E+01,1
0.256603774,0.520754717,0.075471698,0.135849057,0.011320755,505,462,43,1
0.26369863,0.503424658,0.078767123,0.143835616,0.010273973,5.58E+02,502,5.60E+01,1
0.263219741,0.511163337,0.078730905,0.1386604,0.008225617,813,735,78,1
0.258445946,0.52027027,0.081081081,1.33E-01,0.006756757,5.64E+02,5.13E+02,51,1
0.276497696,0.483870968,0.069124424,0.156682028,0.013824885,417,370,47,1
0.253187614,0.519125683,0.100182149,0.123861566,0.003642987,525,477,48,1
0.242553191,0.514893617,0.089361702,0.140425532,0.012765957,445,406,39,1
0.267877412,0.509648127,0.071509648,1.43E-01,0.007945516,8.41E+02,7.58E+02,83,1
0.272897196,0.525233645,0.069158879,0.121495327,0.011214953,514,469,45,1
0.259515571,0.522491349,0.062283737,0.143598616,0.012110727,550,505,45,1
0.251798561,0.535971223,0.075539568,0.127697842,0.008992806,528,488,40,1
0.264478764,0.534749035,0.063706564,0.125482625,0.011583012,492,451,41,1
0.250308261,0.511713933,0.080147965,0.145499383,0.012330456,7.73E+02,707,66,1
0.251327434,0.516814159,0.07079646,0.150442478,0.010619469,535,489,46,1
0.292929293,0.497474747,0.073232323,0.131313131,0.005050505,384,340,44,1
0.254807692,5.22E-01,7.45E-02,0.137019231,0.012019231,3.96E+02,363,33,1
0.25562701,5.19E-01,8.52E-02,0.13022508,0.009646302,5.93E+02,540,53,1
0.250988142,0.519762846,0.07312253,0.144268775,0.011857708,4.79E+02,438,4.10E+01,1
0.267961165,0.52038835,0.066019417,0.133980583,0.011650485,493,450,43,1
0.26899696,0.513677812,0.079027356,0.129179331,0.009118541,6.32E+02,572,60,1
0.253067485,0.538343558,0.075153374,0.122699387,0.010736196,619,572,47,1
0.249586777,0.520661157,0.07768595,0.138842975,0.01322314,5.73E+02,524,4.90E+01,1
0.256179775,0.53258427,0.087640449,1.24E-01,0,4.25E+02,390,35,1
2.58E-01,0.515451174,0.080346106,0.138442522,0.007416564,771,700,7.10E+01,1
0.26035503,5.21E-01,7.69E-02,0.142011834,0,322,293,29,1
0.258957655,0.516286645,0.073289902,1.42E-01,0.009771987,5.84E+02,531,53,1
0.263591433,0.500823723,0.069192751,0.156507414,0.009884679,579,522,57,1
0.25502008,0.532128514,0.074297189,0.136546185,0.002008032,473,435,38,1
0.262967431,0.51628468,0.072376357,0.135102533,0.013268999,790,717,73,1
0.24566474,0.531791908,0.083815029,0.13150289,0.007225434,655,6.03E+02,52,1
0.262264151,0.520754717,0.075471698,0.128301887,0.013207547,507,463,44,1
0.255952381,0.535714286,0.071428571,0.126488095,1.04E-02,6.40E+02,592,48,1
0.250316056,0.518331226,8.09E-02,1.40E-01,0.01011378,752,688,6.40E+01,1
0.276422764,0.517615176,0.073170732,0.132791328,0,354,319,35,1
0.252369668,0.521327014,0.087677725,0.125592417,0.013033175,806,738,68,1
0.262729124,0.511201629,0.075356415,0.142566191,0.00814664,468,423,45,1
0.26371308,0.52742616,0.075949367,0.130801688,0.002109705,907,830,77,0
0.264233577,0.531386861,0.070072993,0.131386861,0.002919708,653,598,55,0
0.292168675,0.539156627,0.06124498,0.106425703,0.001004016,962,875,87,0
0.24757953,0.544951591,0.085753804,0.116182573,0.005532503,688,640,48,0
0.269890796,0.546021841,0.056162246,0.124804992,0.003120125,611,565,46,0
0.252840909,0.559659091,0.071022727,0.116477273,0,333,311,22,0
0.266666667,0.547058824,0.068627451,0.115686275,0.001960784,487,450,37,0
0.266949153,0.527542373,0.078389831,0.122881356,0.004237288,452,412,40,0
0.27864215,0.528995757,0.079207921,0.110325318,0.002828854,683,621,62,0
0.270166453,0.527528809,0.061459667,0.137003841,0.003841229,746,682,64,0
0.278688525,0.532786885,0.068306011,0.118852459,0.00136612,702,638,64,0
0.285554311,0.537513998,0.058230683,0.116461366,0.002239642,860,786,74,0
0.267379679,0.532085561,0.06684492,0.13368984,0,359,331,28,0
0.23943662,0.53943662,0.125352113,0.094366197,0.001408451,680,627,53,0
0.262411348,0.54893617,0.075177305,0.110638298,0.002836879,675,627,48,0
0.274247492,0.518394649,0.063545151,0.143812709,0,286,259,27,0
0.282655246,0.518201285,0.068522484,0.12633833,0.004282655,450,406,44,0
0.28141783,0.528464017,0.070891515,0.116004296,0.003222342,897,814,83,0
0.271276596,0.529255319,0.058510638,0.135638298,0.005319149,718,657,61,0
0.286415712,0.538461538,0.060556465,0.109656301,0.004909984,590,540,50,0
0.283289817,0.528720627,0.069190601,0.11618799,0.002610966,738,669,69,0
0.253549696,0.543610548,0.073022312,0.129817444,0,466,430,36,0
0.278212291,0.524022346,0.065921788,0.130726257,0.001117318,857,775,82,0
0.275747508,0.549833887,0.054817276,0.117940199,0.00166113,575,531,44,0
0.261111111,0.508333333,0.080555556,0.147222222,0.002777778,344,311,33,0
0.242647059,0.545955882,0.090073529,0.119485294,0.001838235,518,484,34,0
0.255121043,0.52886406,0.070763501,0.134078212,0.011173184,510,469,41,0
0.250564334,0.541760722,0.097065463,0.108352144,0.002257336,846,781,65,0
0.262996942,0.535168196,0.070336391,0.127420999,0.004077472,936,861,75,0
0.261013216,0.529735683,0.087004405,0.116740088,0.005506608,868,792,76,0
0.270655271,0.547008547,0.068376068,0.113960114,0,336,310,26,0
0.262764633,0.531755915,0.085927771,0.114570361,0.00498132,771,707,64,0
0.262790698,0.523255814,0.062790698,0.146511628,0.004651163,408,372,36,0
0.268106734,0.526048285,0.07115629,0.132147395,0.002541296,753,687,66,0
0.268998794,0.531966224,0.071170084,0.127864897,0,794,727,67,0
0.259916493,0.527139875,0.080375783,0.127348643,0.005219207,917,841,76,0
0.267457181,0.529644269,0.079051383,0.119894598,0.003952569,729,667,62,0
0.285990338,0.53236715,0.066666667,0.113043478,0.001932367,999,908,91,0
0.256849315,0.547945205,0.068493151,0.125,0.001712329,555,516,39,0
0.266846361,0.506738544,0.070080863,0.156334232,0,353,317,36,0
0.271393643,0.547677262,0.063569682,0.117359413,0,391,361,30,0
0.257679181,0.5221843,0.071672355,0.136518771,0.011945392,558,511,47,0
0.278504673,0.519626168,0.059813084,0.142056075,0,514,467,47,0
0.276162791,0.511627907,0.075581395,0.136627907,0,662,596,66,0
0.288757396,0.523076923,0.066272189,0.119526627,0.002366864,816,736,80,0
0.256613757,0.529100529,0.068783069,0.145502646,0,358,328,30,0
0.272884283,0.544041451,0.06044905,0.1208981,0.001727116,552,507,45,0
0.292253521,0.5,0.063380282,0.144366197,0,275,245,30,0
0.255483871,0.536774194,0.092903226,0.109677419,0.00516129,742,683,59,0
0.264367816,0.536050157,0.08045977,0.117032393,0.002089864,917,842,75,0
0.270229008,0.541984733,0.06259542,0.122137405,0.003053435,623,571,52,0
0.272346369,0.537709497,0.062849162,0.125698324,0.001396648,683,625,58,0
0.280794702,0.519205298,0.076821192,0.119205298,0.00397351,727,654,73,0
0.28125,0.502840909,0.082386364,0.130681818,0.002840909,341,305,36,0
0.28026534,0.520729685,0.063018242,0.127694859,0.008291874,580,526,54,0
0.279778393,0.520775623,0.066481994,0.132963989,0,347,314,33,0
0.229591837,0.530612245,0.142857143,0.096938776,0,561,513,48,0
0.287648054,0.510998308,0.077834179,0.121827411,0.001692047,570,507,63,0
0.271929825,0.519736842,0.059210526,0.146929825,0.002192982,436,397,39,0
0.254584682,0.538295577,0.09600863,0.107874865,0.003236246,888,818,70,0
0.244047619,0.520833333,0.092261905,0.136904762,0.005952381,318,290,28,0
0.273730684,0.520971302,0.072847682,0.130242826,0.002207506,867,783,84,0
0.280487805,0.542682927,0.06097561,0.114329268,0.00152439,629,576,53,0
0.273175542,0.542406312,0.069033531,0.114398422,0.000986193,973,895,78,0
0.260638298,0.517730496,0.074468085,0.141843972,0.005319149,537,488,49,0
0.244827586,0.546551724,0.070689655,0.131034483,0.006896552,547,510,37,0
0.270401949,0.533495737,0.065773447,0.126674787,0.00365408,784,717,67,0
0.281400966,0.537439614,0.061594203,0.117149758,0.002415459,796,728,68,0
0.274640089,0.531561462,0.070874862,0.119601329,0.003322259,866,789,77,0
0.286476868,0.521352313,0.072953737,0.119217082,0,542,487,55,0
0.29757085,0.526315789,0.062753036,0.112348178,0.001012146,957,861,96,0
0.249194415,0.537056928,0.098818475,0.112781955,0.002148228,888,817,71,0
0.236162362,0.520295203,0.077490775,0.166051661,0,254,233,21,0
0.244274809,0.52480916,0.074427481,0.145038168,0.011450382,496,458,38,0
0.253138075,0.525104603,0.085774059,0.130753138,0.005230126,912,836,76,0
0.271159875,0.547021944,0.064263323,0.115987461,0.001567398,609,561,48,0
0.260194175,0.531067961,0.086407767,0.117475728,0.004854369,988,907,81,0
0.269633508,0.522251309,0.061518325,0.142670157,0.003926702,729,664,65,0
0.266666667,0.559139785,0.055913978,0.111827957,0.006451613,442,412,30,0
0.265560166,0.522821577,0.077455048,0.131396957,0.002766252,691,628,63,0
0.254742547,0.531165312,0.081300813,0.130081301,0.002710027,704,648,56,0
0.280054645,0.528688525,0.06420765,0.12431694,0.00273224,702,637,65,0
0.257614213,0.510152284,0.076142132,0.148477157,0.007614213,749,678,71,0
0.273182957,0.523809524,0.067669173,0.13283208,0.002506266,381,345,36,0
0.256198347,0.520661157,0.070247934,0.148760331,0.004132231,458,417,41,0
0.27607362,0.519018405,0.072392638,0.131288344,0.001226994,782,706,76,0
0.273480663,0.520718232,0.070441989,0.127071823,0.008287293,696,633,63,0
0.252427184,0.532038835,0.077669903,0.137864078,0,488,448,40,0
0.269553073,0.534916201,0.07122905,0.118715084,0.005586592,684,625,59,0
0.25,0.54125,0.09125,0.11375,0.00375,763,706,57,0
0.24904943,0.52851711,0.079847909,0.129277567,0.013307985,499,459,40,0
0.252513966,0.540782123,0.098324022,0.106145251,0.002234637,856,789,67,0
0.274131274,0.540540541,0.059202059,0.122265122,0.003861004,741,679,62,0
0.277198212,0.517138599,0.064083458,0.140089419,0.001490313,643,581,62,0
0.259105099,0.539021852,0.079084287,0.117585848,0.005202914,920,851,69,0
0.266409266,0.517374517,0.084942085,0.129343629,0.001930502,496,448,48,0
0.289007092,0.530141844,0.062056738,0.115248227,0.003546099,543,491,52,0
0.264492754,0.512681159,0.074275362,0.14673913,0.001811594,526,475,51,0
0.254934211,0.555921053,0.065789474,0.121710526,0.001644737,576,538,38,0
0.245762712,0.548022599,0.06779661,0.138418079,0,332,308,24,0
0.263030303,0.52969697,0.076363636,0.122424242,0.008484848,790,725,65,0
0.256934307,0.522627737,0.087591241,0.125547445,0.00729927,656,600,56,0
0.260368664,0.538018433,0.06797235,0.130184332,0.003456221,829,768,61,0
0.251325557,0.544008484,0.098621421,0.103923648,0.002120891,903,836,67,0
0.251682369,0.543741588,0.091520861,0.107671602,0.00538358,711,660,51,0
0.258188825,0.527938343,0.061657033,0.146435453,0.005780347,492,452,40,0
0.256592292,0.54158215,0.089249493,0.109533469,0.003042596,945,874,71,0
0.252861602,0.52653486,0.085327784,0.130072841,0.005202914,916,840,76,0
0.288157895,0.530263158,0.064473684,0.114473684,0.002631579,734,666,68,0
0.254527163,0.52917505,0.086519115,0.125754527,0.004024145,950,873,77,0
0.260288066,0.529835391,0.08127572,0.12345679,0.005144033,928,849,79,0
0.280193237,0.516908213,0.072463768,0.128019324,0.002415459,399,360,39,0
0.273584906,0.532345013,0.066037736,0.123989218,0.004043127,712,652,60,0
0.287878788,0.529040404,0.069444444,0.111111111,0.002525253,765,692,73,0
0.255605381,0.520179372,0.089686099,0.133408072,0.001121076,849,770,79,0
0.251372119,0.533479693,0.083424808,0.126234907,0.005488474,867,799,68,0
0.285900783,0.528720627,0.05613577,0.124020888,0.005221932,738,672,66,0
0.313793103,0.493103448,0.05862069,0.134482759,0,283,248,35,0
0.268831169,0.531168831,0.068831169,0.127272727,0.003896104,738,677,61,0
0.263757116,0.540796964,0.066413662,0.125237192,0.003795066,503,465,38,0
0.283298097,0.513742072,0.069767442,0.128964059,0.00422833,456,410,46,0
0.279778393,0.509695291,0.066481994,0.144044321,0,347,312,35,0
0.256849315,0.520547945,0.075342466,0.147260274,0,276,250,26,0
0.249717514,0.541242938,0.100564972,0.106214689,0.002259887,845,779,66,0
0.281584582,0.53640257,0.065310493,0.111349036,0.005353319,898,819,79,0
0.248496994,0.523046092,0.078156313,0.136272545,0.014028056,473,434,39,0
0.254901961,0.543137255,0.064705882,0.133333333,0.003921569,482,446,36,0
0.273532669,0.511627907,0.070874862,0.140642303,0.003322259,866,781,85,0
0.274928775,0.538461538,0.062678063,0.122507123,0.001424501,671,614,57,0
0.288416076,0.526004728,0.060283688,0.124113475,0.001182033,815,737,78,0
0.247606019,0.512995896,0.086183311,0.139534884,0.013679891,692,628,64,0
0.27826087,0.490434783,0.083478261,0.142608696,0.005217391,553,488,65,0
0.260655738,0.552459016,0.063934426,0.121311475,0.001639344,579,538,41,0
0.275092937,0.511152416,0.072490706,0.141263941,0,514,460,54,0
0.262557078,0.561643836,0.063926941,0.107305936,0.00456621,418,392,26,0
0.287621359,0.535194175,0.061893204,0.109223301,0.006067961,795,724,71,0
0.288551402,0.535046729,0.060747664,0.114485981,0.001168224,825,750,75,0
0.262079063,0.546120059,0.077598829,0.11420205,0,652,602,50,0
0.256111758,0.526193248,0.069848661,0.142025611,0.005820722,815,747,68,0
0.248175182,0.523722628,0.085766423,0.131386861,0.010948905,521,478,43,0
0.25,0.534391534,0.087301587,0.125661376,0.002645503,718,660,58,0
0.261640798,0.543237251,0.068736142,0.124168514,0.002217295,430,398,32,0
0.283967391,0.524456522,0.059782609,0.127717391,0.004076087,708,642,66,0
0.270022883,0.549199085,0.064073227,0.112128146,0.004576659,418,387,31,0
0.266666667,0.514666667,0.077333333,0.141333333,0,357,321,36,0
0.258188825,0.531791908,0.08477842,0.121387283,0.003853565,498,459,39,0
0.272069465,0.536903039,0.062228654,0.127351664,0.001447178,659,603,56,0
0.273148148,0.530092593,0.081018519,0.113425926,0.002314815,417,381,36,0
0.262899263,0.530712531,0.073710074,0.127764128,0.004914005,390,359,31,0
0.273939394,0.528484848,0.063030303,0.133333333,0.001212121,790,721,69,0
0.25625,0.535,0.07,0.1375,0.00125,759,699,60,0
0.2704,0.536,0.0656,0.1232,0.0048,598,549,49,0
0.262611276,0.53115727,0.083086053,0.120178042,0.002967359,648,596,52,0
0.253576073,0.526657997,0.074122237,0.143042913,0.00260078,728,666,62,0
0.249714937,0.541619156,0.096921323,0.109464082,0.002280502,837,773,64,0
0.28707483,0.525170068,0.065306122,0.118367347,0.004081633,708,639,69,0
0.236943907,0.528046422,0.133462282,0.092843327,0.008704062,991,907,84,0
0.252173913,0.546086957,0.069565217,0.128695652,0.003478261,543,503,40,0
0.250632911,0.539240506,0.113924051,0.094936709,0.001265823,757,694,63,0
0.27571116,0.527352298,0.070021882,0.124726477,0.002188184,879,801,78,0
0.254113346,0.517367459,0.08226691,0.13345521,0.012797075,521,475,46,0
0.277074543,0.537271449,0.064697609,0.11954993,0.00140647,681,622,59,0
0.270503597,0.541007194,0.06618705,0.120863309,0.001438849,663,608,55,0
0.254342432,0.542183623,0.09057072,0.111662531,0.001240695,770,711,59,0
0.290289256,0.521694215,0.063016529,0.119834711,0.005165289,934,841,93,0
0.251511487,0.519951632,0.084643289,0.141475212,0.00241838,787,719,68,0
0.257557437,0.524788392,0.07980653,0.131801693,0.006045949,788,720,68,0
0.277712952,0.53092182,0.064177363,0.12252042,0.004667445,823,751,72,0
0.276785714,0.512755102,0.071428571,0.137755102,0.00127551,753,678,75,0
0.270618557,0.530927835,0.077319588,0.121134021,0,372,339,33,0
0.265306122,0.56377551,0.058673469,0.109693878,0.00255102,373,349,24,0
0.243697479,0.480192077,0.108043217,0.165666267,0.00240096,787,693,94,0
0.261072261,0.536130536,0.06993007,0.132867133,0,407,373,34,0
0.251068376,0.544871795,0.10042735,0.101495726,0.002136752,896,829,67,0
0.297909408,0.527874564,0.054006969,0.118466899,0.00174216,553,497,56,0
0.282882883,0.527927928,0.059459459,0.126126126,0.003603604,532,482,50,0
0.270664506,0.521880065,0.106969206,0.098865478,0.001620746,597,538,59,0
0.263485477,0.545643154,0.072614108,0.116182573,0.002074689,459,423,36,0
0.245901639,0.538797814,0.106010929,0.107103825,0.002185792,873,804,69,0
0.252066116,0.530991736,0.07231405,0.142561983,0.002066116,459,423,36,0
0.256532067,0.529691211,0.073634204,0.140142518,0,399,365,34,0
0.258413462,0.542067308,0.070913462,0.125,0.003605769,789,727,62,0
0.281767956,0.52854512,0.064456722,0.119705341,0.005524862,521,472,49,0
0.281449893,0.531982942,0.062899787,0.122601279,0.001066098,902,822,80,0
0.254113346,0.52833638,0.074954296,0.129798903,0.012797075,520,478,42,0
0.277093596,0.540640394,0.060344828,0.11453202,0.007389163,778,714,64,0
0.261637239,0.540930979,0.069020867,0.126805778,0.001605136,594,549,45,0
0.258895706,0.531288344,0.077300613,0.127607362,0.004907975,777,713,64,0
0.268148148,0.545185185,0.059259259,0.125925926,0.001481481,643,594,49,0
0.257918552,0.538461538,0.076923077,0.122171946,0.004524887,422,390,32,0
0.262081784,0.537174721,0.072490706,0.126394052,0.001858736,512,470,42,0
0.251883746,0.540365985,0.096878364,0.107642626,0.003229279,889,821,68,0
0.260223048,0.522304833,0.065055762,0.141263941,0.011152416,511,467,44,0
0.248603352,0.539106145,0.081005587,0.125698324,0.005586592,340,315,25,0
0.259656652,0.517167382,0.066523605,0.143776824,0.012875536,442,402,40,0
0.266211604,0.539249147,0.061433447,0.131399317,0.001706485,557,512,45,0
0.250293772,0.535840188,0.101057579,0.110458284,0.002350176,813,747,66,0
0.247606019,0.541723666,0.090287278,0.114911081,0.005471956,696,645,51,0
0.259515571,0.538062284,0.070934256,0.126297578,0.005190311,548,503,45,0
0.266528926,0.530991736,0.070247934,0.127066116,0.005165289,925,847,78,0
0.26498801,0.528776978,0.070743405,0.134292566,0.001199041,795,726,69,0
0.253521127,0.507042254,0.092555332,0.146881288,0,468,416,52,0
0.283549784,0.538961039,0.064935065,0.11038961,0.002164502,889,811,78,0
0.260249554,0.536541889,0.062388592,0.135472371,0.005347594,534,494,40,0
0.255591054,0.530351438,0.078807242,0.129925453,0.005324814,895,823,72,0
0.284883721,0.50872093,0.066860465,0.136627907,0.002906977,330,294,36,0
0.304132231,0.527272727,0.054545455,0.110743802,0.003305785,588,530,58,0
0.246696035,0.534140969,0.106828194,0.110132159,0.002202643,866,794,72,0
0.251157407,0.53587963,0.103009259,0.108796296,0.001157407,826,758,68,0
0.287896592,0.527614571,0.062279671,0.121034078,0.001175088,820,742,78,0
0.259340659,0.538461538,0.072527473,0.12967033,0,431,395,36,0
0.286885246,0.506147541,0.079918033,0.12704918,0,472,420,52,0
0.267647059,0.547058824,0.061764706,0.120588235,0.002941176,648,599,49,0
0.245967742,0.545698925,0.094086022,0.108870968,0.005376344,708,657,51,0
0.251298027,0.535825545,0.09761163,0.113187954,0.002076843,920,846,74,0
0.289317507,0.534124629,0.06231454,0.112759644,0.00148368,651,592,59,0
0.276412776,0.524570025,0.07002457,0.127764128,0.001228501,781,708,73,0
0.245492372,0.545076283,0.087378641,0.113730929,0.008321775,685,637,48,0
0.251948052,0.532467532,0.075324675,0.135064935,0.005194805,365,336,29,0
0.250549451,0.541758242,0.1,0.105494505,0.002197802,870,803,67,0
0.276483051,0.522245763,0.064618644,0.133474576,0.003177966,906,823,83,0
0.276872964,0.521172638,0.06514658,0.131378936,0.005428882,883,800,83,0
0.264705882,0.548235294,0.075294118,0.109411765,0.002352941,813,752,61,0
0.254923414,0.537199125,0.101750547,0.105032823,0.001094092,877,806,71,0
0.243356643,0.524475524,0.07972028,0.144055944,0.008391608,676,622,54,0
0.259574468,0.540425532,0.072340426,0.123404255,0.004255319,670,617,53,0
0.244147157,0.52173913,0.096989967,0.127090301,0.010033445,568,519,49,0
0.264450867,0.533236994,0.070809249,0.125722543,0.005780347,660,605,55,0
0.280112045,0.512605042,0.075630252,0.131652661,0,343,307,36,0
0.25817757,0.53271028,0.067757009,0.14135514,0,813,748,65,0
0.258823529,0.530882353,0.086764706,0.120588235,0.002941176,651,597,54,0
0.264232009,0.524167562,0.085929108,0.125671321,0,892,811,81,0
0.251101322,0.524229075,0.083700441,0.13215859,0.008810573,645,588,57,0
0.252173913,0.540217391,0.083695652,0.120652174,0.00326087,875,808,67,0
0.262166405,0.554160126,0.064364207,0.116169545,0.003139717,606,564,42,0
0.275990099,0.523514851,0.063118812,0.13490099,0.002475248,774,703,71,0
0.264175258,0.521907216,0.083762887,0.12242268,0.007731959,743,675,68,0
0.25631769,0.541516245,0.086642599,0.111913357,0.003610108,795,735,60,0
0.26843318,0.542626728,0.065668203,0.118663594,0.004608295,827,760,67,0
0.273657289,0.534526854,0.069053708,0.120204604,0.002557545,374,341,33,0
0.246618106,0.547346514,0.09157128,0.112382934,0.002081165,915,851,64,0
0.250819672,0.521311475,0.085245902,0.137704918,0.004918033,581,532,49,0
0.280130293,0.488599349,0.104234528,0.123778502,0.003257329,299,264,35,0
0.276127613,0.523652365,0.068206821,0.128712871,0.00330033,871,789,82,0
0.245744681,0.530851064,0.092553191,0.124468085,0.006382979,894,823,71,0
0.27696793,0.54664723,0.05393586,0.119533528,0.002915452,657,607,50,0
0.270992366,0.515267176,0.072519084,0.13740458,0.003816794,250,225,25,0
0.257777778,0.535555556,0.075555556,0.125555556,0.005555556,859,793,66,0
0.260726073,0.528052805,0.079207921,0.132013201,0,290,266,24,0
0.272857143,0.537142857,0.062857143,0.125714286,0.001428571,668,611,57,0
0.277330265,0.516685846,0.067894131,0.135788262,0.002301496,834,753,81,0
0.244117647,0.527941176,0.080882353,0.139705882,0.007352941,641,588,53,0
0.280532044,0.532043531,0.067714631,0.118500605,0.00120919,795,723,72,0
0.290566038,0.520754717,0.060377358,0.124528302,0.003773585,256,231,25,0
0.253409091,0.540909091,0.090909091,0.110227273,0.004545455,841,777,64,0
0.249162011,0.539664804,0.101675978,0.10726257,0.002234637,855,788,67,0
0.280203046,0.524873096,0.068020305,0.123857868,0.003045685,948,860,88,0
0.264397906,0.52617801,0.065445026,0.143979058,0,363,331,32,0
0.276169265,0.523385301,0.071269488,0.129175947,0,861,779,82,0
0.24831309,0.542510121,0.086369771,0.117408907,0.005398111,705,654,51,0
0.266149871,0.529715762,0.064599483,0.136950904,0.002583979,371,342,29,0
0.270220588,0.512867647,0.075367647,0.137867647,0.003676471,520,468,52,0
0.254237288,0.540832049,0.078582435,0.124807396,0.001540832,617,570,47,0
0.248565966,0.535372849,0.072657744,0.131931166,0.011472275,496,460,36,0
0.266816143,0.547085202,0.067264574,0.114349776,0.004484305,426,394,32,0
0.235294118,0.540247678,0.09752322,0.126934985,0,613,571,42,0
0.270482604,0.528619529,0.063973064,0.135802469,0.001122334,852,779,73,0
0.287705957,0.52851711,0.059569075,0.121673004,0.002534854,760,689,71,0
0.276923077,0.517948718,0.066666667,0.138461538,0,376,342,34,0
0.249727372,0.535441658,0.103598691,0.109051254,0.002181025,877,806,71,0
0.246073298,0.560209424,0.068062827,0.123036649,0.002617801,360,338,22,0
0.253968254,0.528693529,0.067155067,0.148962149,0.001221001,778,718,60,0
0.269526953,0.498349835,0.086908691,0.136413641,0.00880088,873,779,94,0
0.26984127,0.513227513,0.081481481,0.128042328,0.007407407,907,818,89,0
0.2640625,0.521875,0.0625,0.1484375,0.003125,608,554,54,0
0.270949721,0.533519553,0.061452514,0.131284916,0.002793296,683,625,58,0
0.308131241,0.509272468,0.058487874,0.118402282,0.005706134,682,605,77,0
0.269444444,0.530555556,0.075,0.125,0,345,315,30,0
0.277941176,0.529411765,0.064705882,0.120588235,0.007352941,652,593,59,0
0.257943925,0.500934579,0.085981308,0.143925234,0.011214953,509,456,53,0
0.263279446,0.533487298,0.066974596,0.136258661,0,411,376,35,0
0.286655684,0.537067545,0.062602965,0.112026359,0.001647446,584,531,53,0
0.26252505,0.523046092,0.066132265,0.136272545,0.012024048,476,436,40,0
0.256959315,0.549250535,0.078158458,0.114561028,0.001070664,891,828,63,0
0.23628692,0.517580872,0.081575246,0.146272855,0.018284107,669,614,55,0
0.278651685,0.546067416,0.058426966,0.113483146,0.003370787,852,783,69,0
0.274099884,0.538908246,0.06504065,0.119628339,0.00232288,827,761,66,0
0.275985663,0.543010753,0.059139785,0.120071685,0.001792115,533,489,44,0
0.257425743,0.518151815,0.075907591,0.148514851,0,288,262,26,0
0.27972028,0.522144522,0.065268065,0.128205128,0.004662005,413,375,38,0
0.261316872,0.532921811,0.08436214,0.119341564,0.002057613,466,428,38,0
0.275142315,0.529411765,0.074003795,0.115749526,0.0056926,506,460,46,0
0.256166983,0.519924099,0.083491461,0.136622391,0.003795066,502,457,45,0
0.26124197,0.546038544,0.062098501,0.128479657,0.002141328,444,412,32,0
0.271028037,0.53271028,0.074766355,0.11682243,0.004672897,821,750,71,0
0.25137817,0.527012128,0.083792723,0.135611907,0.002205072,862,790,72,0
0.273446328,0.525423729,0.075706215,0.124293785,0.001129944,850,772,78,0
0.255060729,0.535425101,0.102226721,0.105263158,0.002024291,949,872,77,0
0.257211538,0.538461538,0.067307692,0.134615385,0.002403846,394,363,31,0
0.248259861,0.534802784,0.098607889,0.116009281,0.002320186,822,756,66,0
0.281904762,0.523809524,0.062857143,0.127619048,0.003809524,504,456,48,0
0.264583333,0.521875,0.084375,0.122916667,0.00625,918,832,86,0
0.239159001,0.534822602,0.132720105,0.093298292,0,731,672,59,0
0.249422633,0.547344111,0.071593533,0.131639723,0,409,380,29,0
0.265423242,0.539454806,0.065997131,0.12625538,0.00286944,664,611,53,0
0.248968363,0.550206327,0.082530949,0.112792297,0.005502063,692,646,46,0
0.281368821,0.534854246,0.060836502,0.121673004,0.001267427,758,692,66,0
0.276849642,0.53699284,0.059665871,0.124105012,0.002386635,802,734,68,0
0.278499278,0.519480519,0.069264069,0.132756133,0,667,604,63,0
0.267806268,0.524216524,0.074074074,0.131054131,0.002849003,337,308,29,0
0.285227273,0.536363636,0.061363636,0.115909091,0.001136364,848,774,74,0
0.26709062,0.523052464,0.074721781,0.131955485,0.00317965,603,550,53,0
0.284017279,0.530237581,0.06587473,0.113390929,0.006479482,891,808,83,0
0.248878924,0.536995516,0.099775785,0.112107623,0.002242152,851,783,68,0
0.277005348,0.526203209,0.07486631,0.119786096,0.002139037,899,815,84,0
0.245454545,0.557575758,0.072727273,0.124242424,0,311,291,20,0
0.269804822,0.523536165,0.080367394,0.120551091,0.005740528,838,763,75,0
0.27654321,0.535802469,0.056790123,0.12345679,0.007407407,388,356,32,0
0.259385666,0.529010239,0.076222981,0.131968146,0.003412969,837,766,71,0
0.267135325,0.530755712,0.077328647,0.123022847,0.001757469,544,496,48,0
0.280898876,0.526217228,0.065543071,0.123595506,0.003745318,512,463,49,0
0.259016393,0.522404372,0.069945355,0.146448087,0.002185792,872,799,73,0
0.268493151,0.536986301,0.065753425,0.126027397,0.002739726,349,321,28,0
0.261376896,0.534422404,0.077012835,0.124854142,0.002333722,817,749,68,0
0.276836158,0.53559322,0.063276836,0.123163842,0.001129944,846,771,75,0
0.252556237,0.532719836,0.084867076,0.125766871,0.00408998,932,858,74,0
0.263522885,0.504854369,0.083217753,0.138696255,0.009708738,690,621,69,0
0.274658574,0.540212443,0.060698027,0.122913505,0.001517451,629,576,53,0
0.280095352,0.528009535,0.070321812,0.119189511,0.00238379,807,732,75,0
0.269090909,0.52,0.069090909,0.130909091,0.010909091,527,480,47,0
0.264497878,0.513437058,0.074964639,0.138613861,0.008486563,676,613,63,0
0.256345178,0.540609137,0.07106599,0.13071066,0.001269036,750,695,55,0
0.26625387,0.534571723,0.066047472,0.128998968,0.004127967,924,848,76,0
0.279569892,0.511827957,0.068817204,0.139784946,0,446,400,46,0
0.256772674,0.52532391,0.080094229,0.126030624,0.011778563,809,740,69,0
0.25950783,0.541387025,0.085011186,0.111856823,0.002237136,426,391,35,0
0.24726477,0.541575492,0.099562363,0.108315098,0.003282276,872,806,66,0
0.262745098,0.522875817,0.062745098,0.149019608,0.002614379,728,666,62,0
0.294198895,0.511049724,0.074585635,0.120165746,0,708,637,71,0
0.256868132,0.546703297,0.068681319,0.123626374,0.004120879,692,643,49,0
0.26910299,0.511627907,0.079734219,0.136212625,0.003322259,288,259,29,0
0.271186441,0.535108959,0.070217918,0.121065375,0.002421308,394,359,35,0
0.246246246,0.510510511,0.087087087,0.141141141,0.015015015,630,571,59,0
0.27311828,0.535483871,0.066666667,0.120430108,0.004301075,445,407,38,0
0.267029973,0.54359673,0.072207084,0.114441417,0.002724796,702,647,55,0
0.295634921,0.525793651,0.061507937,0.114087302,0.00297619,977,882,95,0
0.253910951,0.517448857,0.096269555,0.128760529,0.003610108,796,725,71,0
0.259448417,0.530132789,0.080694586,0.123595506,0.006128703,937,861,76,0
0.246706587,0.520958084,0.089820359,0.130538922,0.011976048,791,721,70,0
0.272859216,0.541364296,0.059506531,0.123367199,0.002902758,658,605,53,0
0.261477046,0.542914172,0.075848303,0.119760479,0,480,445,35,0
0.28057554,0.530935252,0.064748201,0.116546763,0.007194245,668,608,60,0
0.278978389,0.508840864,0.072691552,0.139489194,0,489,438,51,0
0.258823529,0.517647059,0.076470588,0.142647059,0.004411765,647,588,59,0
0.258964143,0.539176627,0.066401062,0.134130146,0.001328021,713,656,57,0
0.277217742,0.524193548,0.072580645,0.123991935,0.002016129,955,867,88,0
0.257082896,0.52570829,0.084994753,0.126967471,0.00524659,910,832,78,0
0.283105023,0.540334855,0.062404871,0.111111111,0.00304414,632,578,54,0
0.258649094,0.542009885,0.064250412,0.131795717,0.003294893,574,529,45,0
0.25177305,0.535460993,0.067375887,0.141843972,0.003546099,267,247,20,0
0.271186441,0.525423729,0.075060533,0.127118644,0.001210654,792,720,72,0
0.281758958,0.54723127,0.055374593,0.114006515,0.001628664,588,540,48,0
0.281666667,0.54,0.06,0.116666667,0.001666667,576,527,49,0
0.264669164,0.52309613,0.076154806,0.133583021,0.002496879,765,696,69,0
0.274596182,0.538913363,0.063142438,0.121879589,0.001468429,651,596,55,0
0.269406393,0.519406393,0.071917808,0.136986301,0.002283105,838,760,78,0
0.273381295,0.51942446,0.082014388,0.120863309,0.004316547,669,605,64,0
0.270114943,0.537356322,0.066091954,0.123563218,0.002873563,664,608,56,0
0.261964736,0.537783375,0.06675063,0.133501259,0,755,695,60,0
0.253576073,0.543563069,0.088426528,0.11183355,0.00260078,734,679,55,0
0.268802228,0.543175487,0.064066852,0.121169916,0.002785515,685,631,54,0
0.298561151,0.5,0.068345324,0.129496403,0.003597122,271,241,30,0
0.25,0.537117904,0.098253275,0.112445415,0.002183406,875,806,69,0
0.273668639,0.536982249,0.057692308,0.128698225,0.00295858,647,595,52,0
0.271626298,0.534602076,0.067474048,0.121107266,0.005190311,553,506,47,0
0.281333333,0.510666667,0.078666667,0.128,0.001333333,723,647,76,0
0.269620253,0.529113924,0.075949367,0.125316456,0,756,688,68,0
0.252808989,0.54494382,0.06928839,0.121722846,0.011235955,507,472,35,0
0.273657289,0.528132992,0.067774936,0.12915601,0.001278772,749,682,67,0
0.259689922,0.536821705,0.079457364,0.124031008,0,491,450,41,0
0.264984227,0.519453207,0.079915878,0.134595163,0.001051525,911,828,83,0
0.273209549,0.530503979,0.063660477,0.129973475,0.00265252,359,326,33,0
0.250847458,0.536723164,0.100564972,0.108474576,0.003389831,846,778,68,0
0.25,0.538194444,0.065972222,0.138888889,0.006944444,272,252,20,0
0.247216036,0.532293987,0.10467706,0.113585746,0.002227171,857,786,71,0
0.298627002,0.526315789,0.061784897,0.109839817,0.003432494,845,758,87,0
0.251342642,0.542427497,0.102040816,0.102040816,0.002148228,892,824,68,0
0.260223048,0.531598513,0.0755886,0.131350682,0.001239157,771,709,62,0
0.250287026,0.543053961,0.095292767,0.11021814,0.001148106,831,768,63,0
0.258811682,0.536757301,0.081570997,0.121852971,0.001007049,949,874,75,0
0.266247379,0.532494759,0.067085954,0.129979036,0.004192872,456,419,37,0
0.259668508,0.524861878,0.071823204,0.143646409,0,345,316,29,0
0.244565217,0.54076087,0.097826087,0.111413043,0.005434783,701,649,52,0
0.254491018,0.547904192,0.074850299,0.119760479,0.002994012,319,298,21,0
0.254901961,0.526960784,0.071078431,0.147058824,0,387,355,32,0
0.263492063,0.555555556,0.06031746,0.119047619,0.001587302,599,558,41,0
0.267716535,0.537401575,0.076771654,0.118110236,0,486,445,41,0
0.275075988,0.542553191,0.065349544,0.11550152,0.001519757,631,580,51,0
0.260180995,0.513574661,0.07918552,0.14479638,0.002262443,420,379,41,0
0.243206522,0.542119565,0.09375,0.112771739,0.008152174,700,650,50,0
0.264367816,0.530651341,0.063218391,0.130268199,0.011494253,498,458,40,0
0.254697286,0.517745303,0.070981211,0.144050104,0.012526096,455,416,39,0
0.252895753,0.544401544,0.069498069,0.129343629,0.003861004,490,454,36,0
0.257301808,0.534075104,0.091794159,0.115438108,0.001390821,688,631,57,0
0.255139057,0.542926239,0.085852479,0.113663845,0.00241838,790,731,59,0
0.25,0.53652968,0.098173516,0.113013699,0.002283105,837,771,66,0
0.275510204,0.5,0.078231293,0.146258503,0,282,251,31,0
0.267352185,0.529562982,0.082262211,0.116966581,0.003856041,747,682,65,0
0.266431925,0.53286385,0.068075117,0.13028169,0.002347418,810,739,71,0
0.278396437,0.518930958,0.064587973,0.138084633,0,429,386,43,0
0.274576271,0.537288136,0.062711864,0.123728814,0.001694915,564,516,48,0
0.250302297,0.54171705,0.091898428,0.112454655,0.00362757,789,730,59,0
0.287895311,0.516902944,0.071973828,0.122137405,0.001090513,885,793,92,0
0.26252505,0.517034068,0.076152305,0.132264529,0.012024048,477,434,43,0
0.271777003,0.519163763,0.080139373,0.128919861,0,276,250,26,0
0.279650437,0.528089888,0.071161049,0.118601748,0.002496879,771,700,71,0
0.268680445,0.543720191,0.063593005,0.122416534,0.001589825,599,551,48,0
0.280839895,0.503937008,0.06824147,0.13648294,0.010498688,366,327,39,0
0.261278195,0.52443609,0.065789474,0.137218045,0.011278195,506,463,43,0
0.255813953,0.563953488,0.063953488,0.11627907,0,326,306,20,0
0.256756757,0.537837838,0.078378378,0.125675676,0.001351351,705,650,55,0
0.257751938,0.540697674,0.071705426,0.127906977,0.001937984,490,452,38,0
0.273584906,0.51572327,0.06918239,0.141509434,0,303,272,31,0
0.29264214,0.535117057,0.060200669,0.110367893,0.001672241,576,521,55,0
0.266141732,0.530708661,0.058267717,0.135433071,0.009448819,603,552,51,0
0.263761468,0.53440367,0.075688073,0.121559633,0.004587156,834,766,68,0
0.254799302,0.530541012,0.073298429,0.137870855,0.003490401,545,502,43,0
0.280808081,0.535353535,0.070707071,0.111111111,0.002020202,477,435,42,0
0.265957447,0.507092199,0.074468085,0.14893617,0.003546099,269,242,27,0
0.252240717,0.542893726,0.076824584,0.124199744,0.003841229,742,688,54,0
0.271725826,0.512851897,0.072215422,0.143206854,0,779,699,80,0
0.277419355,0.520430108,0.068817204,0.129032258,0.004301075,447,405,42,0
0.272289157,0.51686747,0.068674699,0.142168675,0,792,714,78,0
0.258241758,0.535714286,0.074175824,0.129120879,0.002747253,346,318,28,0
0.248878924,0.536995516,0.102017937,0.107623318,0.004484305,852,784,68,0
0.250530786,0.539278132,0.080679406,0.127388535,0.002123142,447,413,34,0
0.246630728,0.545822102,0.092991914,0.107816712,0.006738544,707,657,50,0
0.276218612,0.539143279,0.05465288,0.127031019,0.00295421,648,596,52,0
0.277665996,0.534205231,0.063380282,0.121730382,0.003018109,954,872,82,0
0.265586035,0.52244389,0.063591022,0.143391521,0.004987531,763,695,68,0
0.281333333,0.528,0.064,0.125333333,0.001333333,721,655,66,0
0.273480663,0.541436464,0.063535912,0.120165746,0.001381215,692,635,57,0
0.256793478,0.52173913,0.078804348,0.138586957,0.004076087,700,638,62,0
0.246753247,0.532467532,0.071428571,0.144480519,0.00487013,581,536,45,0
0.257836198,0.52578362,0.086956522,0.125379171,0.004044489,947,867,80,0
0.25497076,0.548538012,0.085380117,0.10994152,0.001169591,817,759,58,0
0.278741866,0.535791757,0.073752711,0.109544469,0.002169197,891,816,75,0
0.279487179,0.551282051,0.058974359,0.105128205,0.005128205,374,345,29,0
0.247457627,0.540112994,0.099435028,0.110734463,0.002259887,844,779,65,0
0.256880734,0.530071356,0.081549439,0.126401631,0.00509684,937,861,76,0
0.272340426,0.536170213,0.062411348,0.124822695,0.004255319,672,614,58,0
0.272030651,0.518518519,0.06385696,0.143039591,0.002554278,748,678,70,0
0.261111111,0.472222222,0.116666667,0.15,0,345,300,45,0
0.267973856,0.524183007,0.069281046,0.133333333,0.005228758,729,662,67,0
0.269419862,0.533923304,0.073746313,0.120943953,0.001966568,975,893,82,0
0.259067358,0.540932642,0.078756477,0.116062176,0.005181347,923,854,69,0
0.27154047,0.493472585,0.080939948,0.154046997,0,367,326,41,0
0.25617284,0.537037037,0.077160494,0.12808642,0.00154321,615,565,50,0
0.262745098,0.525490196,0.066666667,0.133333333,0.011764706,487,447,40,0
0.252796421,0.53803132,0.097315436,0.109619687,0.002237136,856,789,67,0
0.255491329,0.529479769,0.078612717,0.135260116,0.001156069,822,753,69,0
0.266842801,0.517833554,0.097754293,0.117569353,0,729,658,71,0
0.24750499,0.552894212,0.065868263,0.127744511,0.005988024,473,443,30,0
0.273504274,0.53525641,0.06517094,0.117521368,0.008547009,897,822,75,0
0.285087719,0.537280702,0.059210526,0.117324561,0.001096491,878,802,76,0
0.255775578,0.561056106,0.069306931,0.110561056,0.00330033,576,540,36,0
0.257637475,0.531568228,0.081466395,0.126272912,0.00305499,939,864,75,0
0.255102041,0.530612245,0.071428571,0.142857143,0,371,340,31,0
0.280199253,0.535491905,0.062266501,0.120797011,0.00124533,771,704,67,0
0.261770245,0.517890772,0.077212806,0.143126177,0,506,459,47,0
0.257056452,0.526209677,0.086693548,0.125,0.005040323,950,871,79,0
0.282993197,0.531972789,0.063945578,0.119727891,0.001360544,706,641,65,0
0.270769231,0.541538462,0.065641026,0.118974359,0.003076923,933,859,74,0
0.260042283,0.533826638,0.079281184,0.122621564,0.00422833,906,835,71,0
0.258907363,0.51543943,0.071258907,0.147268409,0.007125891,801,729,72,0
0.257995736,0.541577825,0.068230277,0.131130064,0.001066098,892,826,66,0
0.252164502,0.527056277,0.085497835,0.12987013,0.005411255,880,807,73,0
0.269633508,0.528795812,0.068062827,0.133507853,0,364,331,33,0
0.241573034,0.505617978,0.078651685,0.165730337,0.008426966,336,306,30,0
0.255131965,0.524926686,0.06744868,0.149560117,0.002932551,323,296,27,0
0.249427918,0.538901602,0.099542334,0.109839817,0.00228833,834,768,66,0
0.264705882,0.531674208,0.06561086,0.133484163,0.004524887,421,386,35,0
0.275600506,0.518331226,0.063211125,0.140328698,0.002528445,757,685,72,0
0.266119578,0.522860492,0.084407972,0.120750293,0.005861665,819,745,74,0
0.268948655,0.518337408,0.083129584,0.127139364,0.002444988,392,354,38,0
0.262114537,0.544052863,0.063876652,0.129955947,0,431,398,33,0
0.273301738,0.526066351,0.077409163,0.118483412,0.004739336,610,556,54,0
0.252631579,0.54887218,0.067669173,0.126315789,0.004511278,629,585,44,0
0.281303602,0.499142367,0.077186964,0.138936535,0.003430532,562,500,62,0
0.27098831,0.549415515,0.064824655,0.112646121,0.002125399,901,834,67,0
0.245733788,0.518771331,0.105802048,0.127986348,0.001706485,560,511,49,0
0.249657064,0.544581619,0.086419753,0.113854595,0.005486968,694,644,50,0
0.262226847,0.524453694,0.083246618,0.123829344,0.006243496,918,835,83,0
0.269360269,0.545454545,0.063973064,0.11952862,0.001683502,567,523,44,0
0.274658574,0.51138088,0.077389985,0.135053111,0.001517451,632,567,65,0
0.259448417,0.529111338,0.083758938,0.123595506,0.004085802,937,859,78,0
0.273833671,0.529411765,0.062880325,0.131845842,0.002028398,471,429,42,0
0.267657993,0.505576208,0.064436183,0.157372986,0.004956629,769,693,76,0
0.289855072,0.513285024,0.061594203,0.132850242,0.002415459,799,717,82,0
0.251968504,0.535433071,0.101237345,0.109111361,0.002249719,851,782,69,0
0.273318872,0.546637744,0.065075922,0.110629067,0.004338395,442,408,34,0
0.24933687,0.542440318,0.088859416,0.112732095,0.0066313,719,667,52,0
0.281641961,0.524515393,0.072976055,0.117445838,0.003420753,843,760,83,0
0.266106443,0.526610644,0.075630252,0.131652661,0,683,623,60,0
0.247349823,0.553003534,0.068904594,0.127208481,0.003533569,534,499,35,0
0.243767313,0.556786704,0.069252078,0.127423823,0.002770083,339,317,22,0
0.260536398,0.54789272,0.0651341,0.124521073,0.001915709,495,458,37,0
0.257606491,0.553752535,0.06693712,0.117647059,0.004056795,468,436,32,0
0.263403263,0.526806527,0.079254079,0.128205128,0.002331002,410,374,36,0
0.283112583,0.528145695,0.061258278,0.124172185,0.003311258,580,526,54,0
0.28422619,0.535714286,0.056547619,0.120535714,0.00297619,645,588,57,0
0.281507656,0.512367491,0.067137809,0.136631331,0.002355713,817,735,82,0
0.27012987,0.516883117,0.072727273,0.131168831,0.009090909,740,673,67,0
0.269724771,0.526605505,0.082568807,0.117431193,0.003669725,524,477,47,0
0.24822695,0.53427896,0.094562648,0.11820331,0.004728132,403,371,32,0
0.283767038,0.53283767,0.061957869,0.120198265,0.001239157,776,706,70,0
0.270127119,0.531779661,0.082627119,0.113347458,0.002118644,907,827,80,0
0.259935553,0.52094522,0.078410311,0.134264232,0.006444683,888,809,79,0
0.25862069,0.548275862,0.072413793,0.120689655,0,276,256,20,0
0.276243094,0.534069982,0.062615101,0.123388582,0.003683241,520,475,45,0
0.253521127,0.508215962,0.085680751,0.142018779,0.01056338,811,734,77,0
0.266802444,0.525458248,0.065173116,0.142566191,0,470,431,39,0
0.288156288,0.518925519,0.05982906,0.130647131,0.002442002,782,697,85,0
0.273209549,0.542440318,0.067639257,0.115384615,0.00132626,722,663,59,0
0.282991202,0.507331378,0.073313783,0.136363636,0,659,591,68,0
0.28032345,0.530997305,0.067385445,0.118598383,0.002695418,357,325,32,0
0.249001332,0.547270306,0.089214381,0.10918775,0.005326232,717,668,49,0
0.2625,0.533333333,0.072222222,0.129166667,0.002777778,688,633,55,0
0.274881517,0.51342812,0.071090047,0.140600316,0,606,545,61,0
0.27484472,0.529503106,0.066770186,0.125776398,0.00310559,618,564,54,0
0.252131547,0.520097442,0.074299635,0.141291108,0.012180268,778,711,67,0
0.285714286,0.507518797,0.063909774,0.137218045,0.005639098,514,462,52,0
0.266743649,0.527713626,0.06812933,0.132794457,0.004618938,828,758,70,0
0.277153558,0.538077403,0.061173533,0.121098627,0.002496879,768,704,64,0
0.287069988,0.533807829,0.059311981,0.118623962,0.00118624,812,739,73,0
0.262135922,0.513349515,0.078883495,0.134708738,0.01092233,787,713,74,0
0.267213115,0.51147541,0.078688525,0.131147541,0.01147541,585,529,56,0
0.267053701,0.542815675,0.066763425,0.119013062,0.004354136,657,605,52,0
0.247354497,0.547619048,0.08994709,0.10978836,0.005291005,720,670,50,0
0.255208333,0.532986111,0.078125,0.131944444,0.001736111,546,500,46,0
0.311778291,0.517321016,0.057736721,0.109699769,0.003464203,840,743,97,0
0.257913247,0.526377491,0.085580305,0.128956624,0.001172333,813,741,72,0
0.244680851,0.544326241,0.072695035,0.134751773,0.003546099,531,493,38,0
0.260554885,0.53437877,0.07358263,0.130277443,0.001206273,789,724,65,0
0.252491694,0.528239203,0.083056478,0.129568106,0.006644518,574,528,46,0
0.263959391,0.525380711,0.078680203,0.131979695,0,378,346,32,0
0.27284264,0.52284264,0.063451777,0.139593909,0.001269036,753,684,69,0
0.257088847,0.529300567,0.06805293,0.134215501,0.011342155,503,463,40,0
0.250332889,0.539280959,0.091877497,0.113182423,0.005326232,717,663,54,0
0.273901809,0.514211886,0.069767442,0.142118863,0,372,337,35,0
0.280405405,0.52027027,0.081081081,0.118243243,0,287,260,27,0
0.262931034,0.540948276,0.07112069,0.122844828,0.002155172,443,409,34,0
0.249433107,0.541950113,0.097505669,0.108843537,0.002267574,842,778,64,0
0.259818731,0.534743202,0.069486405,0.132930514,0.003021148,315,290,25,0
0.256906077,0.522099448,0.074585635,0.14640884,0,344,314,30,0
0.264441592,0.528883184,0.064184852,0.142490372,0,748,692,56,0
0.282694848,0.540290621,0.062087186,0.113606341,0.001321004,730,670,60,0
0.249419954,0.538283063,0.099767981,0.11136891,0.001160093,823,758,65,0
0.262214984,0.519543974,0.07980456,0.128664495,0.009771987,586,532,54,0
0.280513919,0.541755889,0.066381156,0.107066381,0.004282655,449,411,38,0
0.262512768,0.53421859,0.082737487,0.114402451,0.006128703,937,859,78,0
0.252900232,0.532482599,0.084686775,0.128770302,0.001160093,820,753,67,0
0.276699029,0.529126214,0.067961165,0.123786408,0.002427184,791,720,71,0
0.282608696,0.51552795,0.068322981,0.133540373,0,311,281,30,0
0.273049645,0.51891253,0.069739953,0.138297872,0,809,731,78,0
0.265472313,0.527687296,0.06514658,0.141693811,0,585,535,50,0
0.256050955,0.521019108,0.077707006,0.141401274,0.003821656,747,682,65,0
0.251136364,0.542045455,0.094318182,0.111363636,0.001136364,840,776,64,0
0.271920089,0.523862375,0.075471698,0.125416204,0.003329634,865,786,79,0
0.251184834,0.52014218,0.091232227,0.126777251,0.010663507,803,731,72,0
0.249433107,0.540816327,0.098639456,0.109977324,0.001133787,842,777,65,0
0.280254777,0.530785563,0.059447983,0.123142251,0.006369427,452,412,40,0
0.2578125,0.53125,0.067708333,0.143229167,0,364,334,30,0
0.26541555,0.514745308,0.058981233,0.158176944,0.002680965,354,321,33,0
0.266146993,0.521158129,0.071269488,0.138084633,0.003340757,857,779,78,0
0.264150943,0.520754717,0.086792453,0.128301887,0,508,461,47,0
0.282741738,0.52876377,0.068543452,0.11750306,0.00244798,787,714,73,0
0.260150376,0.535338346,0.072180451,0.126315789,0.006015038,633,582,51,0
0.266475645,0.535816619,0.077363897,0.12034384,0,334,306,28,0
0.260997067,0.539589443,0.08797654,0.108504399,0.002932551,327,301,26,0
